Miejscowość,Parafia,Rodzaj Księgi,Rok od,Rok do
BANICA,BANICA,Chrzty,1983,2011
BANICA,BANICA,Śluby,1854,2011
BANICA,BANICA,Zgony,1948,2011
BARCICE,BARCICE,Chrzty,1813,2014
BARCICE,BARCICE,Śluby,1813,2014
BARCICE,BARCICE,Zgony,1813,2014
BEREST,BEREST,Chrzty,1947,2001
BEREST,BEREST,Śluby,1947,2001
BEREST,BEREST,Zgony,1947,1990
BIADOLINY,BIADOLINY,Chrzty,1946,2014
BIADOLINY,BIADOLINY,Śluby,1946,2014
BIADOLINY,BIADOLINY,Zgony,1946,2014
BIAŁA NIŻNA,BIAŁA NIŻNA,Chrzty,1946,2014
BIAŁA NIŻNA,BIAŁA NIŻNA,Śluby,1969,2014
BIAŁA NIŻNA,BIAŁA NIŻNA,Zgony,1970,2014
BIELCZA,BIELCZA,Chrzty,1946,2009
BIELCZA,BIELCZA,Śluby,1946,2009
BIELCZA,BIELCZA,Zgony,1946,2009
BIESIADKI,BIESIADKI,Chrzty,1784,2014
BIESIADKI,BIESIADKI,Śluby,1784,2014
BIESIADKI,BIESIADKI,Zgony,1784,2014
BINCZAROWA,BINCZAROWA,Chrzty,1946,2014
BINCZAROWA,BINCZAROWA,Śluby,1961,2014
BINCZAROWA,BINCZAROWA,Zgony,1946,2014
BISKUPICE RADŁOWSKIE,BISKUPICE RADŁOWSKIE,Chrzty,1981,2014
BISKUPICE RADŁOWSKIE,BISKUPICE RADŁOWSKIE,Śluby,1981,2014
BISKUPICE RADŁOWSKIE,BISKUPICE RADŁOWSKIE,Zgony,1981,2014
BOBOWA,BOBOWA,Chrzty,1786,2011
BOBOWA,BOBOWA,Śluby,1753,2011
BOBOWA,BOBOWA,Zgony,1786,2011
"BOCHNIA, św. Jana Nepomucena","BOCHNIA, św. Jana Nepomucena",Chrzty,1987,2009
"BOCHNIA, św. Jana Nepomucena","BOCHNIA, św. Jana Nepomucena",Śluby,1987,2009
"BOCHNIA, św. Jana Nepomucena","BOCHNIA, św. Jana Nepomucena",Zgony,1987,2009
"BOCHNIA, św. Mikołaja","BOCHNIA, św. Mikołaja",Chrzty,1819,2014
"BOCHNIA, św. Mikołaja","BOCHNIA, św. Mikołaja",Śluby,1819,1997
"BOCHNIA, św. Mikołaja","BOCHNIA, św. Mikołaja",Zgony,1819,2011
"BOCHNIA, św. Pawła","BOCHNIA, św. Pawła",Chrzty,1984,2014
"BOCHNIA, św. Pawła","BOCHNIA, św. Pawła",Zgony,1984,2011
BOGUMIŁOWICE,BOGUMIŁOWICE,Chrzty,1981,2014
BOGUMIŁOWICE,BOGUMIŁOWICE,Śluby,1981,2014
BOGUMIŁOWICE,BOGUMIŁOWICE,Zgony,1981,2014
BOGUSZA,BOGUSZA,Chrzty,2011,2014
BOGUSZA,BOGUSZA,Śluby,2011,2014
BOGUSZA,BOGUSZA,Zgony,2011,2014
BOLESŁAW,BOLESŁAW,Chrzty,1800,2014
BOLESŁAW,BOLESŁAW,Śluby,1800,1959
BOLESŁAW,BOLESŁAW,Zgony,1800,2002
BOREK,BOREK,Chrzty,1982,2012
BOREK,BOREK,Śluby,1982,2012
BOREK,BOREK,Zgony,1982,2012
BORKI,BORKI,Chrzty,1976,2014
BORKI,BORKI,Zgony,1981,2014
BOROWA k. DĘBICY,BOROWA k. DĘBICY,Chrzty,1944,1987
BOROWA k. DĘBICY,BOROWA k. DĘBICY,Śluby,1944,1987
BOROWA k. DĘBICY,BOROWA k. DĘBICY,Zgony,1944,1987
BOROWA k. MIELCA,BOROWA k. MIELCA,Chrzty,1637,2014
BOROWA k. MIELCA,BOROWA k. MIELCA,Śluby,1637,2014
BOROWA k. MIELCA,BOROWA k. MIELCA,Zgony,1721,2014
BORUSOWA,BORUSOWA,Chrzty,1957,2014
BORUSOWA,BORUSOWA,Śluby,1957,2014
BORUSOWA,BORUSOWA,Zgony,1957,2014
BORZĘCIN,BORZĘCIN,Chrzty,1802,2009
BORZĘCIN,BORZĘCIN,Śluby,1785,1880
BORZĘCIN,BORZĘCIN,Zgony,1785,1881
BORZĘCIN DOLNY,BORZĘCIN DOLNY,Chrzty,1936,2014
BORZĘCIN DOLNY,BORZĘCIN DOLNY,Śluby,1988,2014
BORZĘCIN DOLNY,BORZĘCIN DOLNY,Zgony,2004,2014
BREŃ,BREŃ,Chrzty,2011,2014
BREŃ,BREŃ,Śluby,2011,2014
BREŃ,BREŃ,Zgony,2011,2014
BRUNARY,BRUNARY,Chrzty,1952,2014
BRUNARY,BRUNARY,Śluby,1952,2014
BRUŚNIK,BRUŚNIK,Chrzty,1801,2010
BRUŚNIK,BRUŚNIK,Śluby,1801,2010
BRUŚNIK,BRUŚNIK,Zgony,1801,2010
BRZESKO – SŁOTWINA,BRZESKO – SŁOTWINA,Chrzty,1946,2001
BRZESKO – SŁOTWINA,BRZESKO – SŁOTWINA,Śluby,1946,2013
BRZESKO – SŁOTWINA,BRZESKO – SŁOTWINA,Zgony,1946,2011
"BRZESKO, Miłosierdzia Bożego","BRZESKO, Miłosierdzia Bożego",Chrzty,1993,2014
"BRZESKO, Miłosierdzia Bożego","BRZESKO, Miłosierdzia Bożego",Śluby,1993,2014
"BRZESKO, Miłosierdzia Bożego","BRZESKO, Miłosierdzia Bożego",Zgony,1993,2014
"BRZESKO, św. Jakuba","BRZESKO, św. Jakuba",Chrzty,1790,2010
"BRZESKO, św. Jakuba","BRZESKO, św. Jakuba",Śluby,1790,2011
"BRZESKO, św. Jakuba","BRZESKO, św. Jakuba",Zgony,1790,2010
BRZEZNA,BRZEZNA,Chrzty,1958,2010
BRZEZNA,BRZEZNA,Śluby,1958,2010
BRZEZNA,BRZEZNA,Zgony,1958,2010
BRZEŹNICA k. BOCHNI,BRZEŹNICA k. BOCHNI,Chrzty,1807,2014
BRZEŹNICA k. BOCHNI,BRZEŹNICA k. BOCHNI,Śluby,1807,2014
BRZEŹNICA k. BOCHNI,BRZEŹNICA k. BOCHNI,Zgony,1807,2014
BRZEŹNICA k. DĘBICY,BRZEŹNICA k. DĘBICY,Chrzty,1821,2010
BRZEŹNICA k. DĘBICY,BRZEŹNICA k. DĘBICY,Śluby,1821,2010
BRZEŹNICA k. DĘBICY,BRZEŹNICA k. DĘBICY,Zgony,1821,2010
BRZOZOWA,BRZOZOWA,Chrzty,1798,2014
BRZOZOWA,BRZOZOWA,Śluby,1798,2014
BRZOZOWA,BRZOZOWA,Zgony,1798,2014
BRZOZÓWKA,BRZOZÓWKA,Chrzty,1995,2014
BRZOZÓWKA,BRZOZÓWKA,Śluby,1995,2014
BRZOZÓWKA,BRZOZÓWKA,Zgony,1994,2014
BUCHCICE,BUCHCICE,Chrzty,1983,2014
BUCHCICE,BUCHCICE,Śluby,1983,2014
BUCHCICE,BUCHCICE,Zgony,1983,2014
BUCZE,BUCZE,Chrzty,1890,2013
BUCZE,BUCZE,Śluby,1890,2013
BUCZE,BUCZE,Zgony,1890,2013
BUKOWIEC,BUKOWIEC,Chrzty,1950,2013
BUKOWIEC,BUKOWIEC,Śluby,1950,2013
BUKOWIEC,BUKOWIEC,Zgony,1950,2013
BURZYN,BURZYN,Chrzty,1975,1975
BURZYN,BURZYN,Śluby,1975,1975
BURZYN,BURZYN,Zgony,1975,1975
BYSTRA,BYSTRA,Chrzty,1870,2014
BYSTRA,BYSTRA,Śluby,1901,2014
BYSTRA,BYSTRA,Zgony,1870,2014
BŁONIE,BŁONIE,Chrzty,1971,2014
BŁONIE,BŁONIE,Śluby,1961,2014
BŁONIE,BŁONIE,Zgony,1946,2014
CEREKIEW,CEREKIEW,Chrzty,1792,2014
CEREKIEW,CEREKIEW,Śluby,1792,2014
CEREKIEW,CEREKIEW,Zgony,1792,2014
CHEŁM,CHEŁM,Chrzty,1795,2010
CHEŁM,CHEŁM,Śluby,1795,2010
CHEŁM,CHEŁM,Zgony,1795,2010
CHOJNIK,CHOJNIK,Chrzty,1993,2014
CHOJNIK,CHOJNIK,Śluby,1993,2014
CHOJNIK,CHOJNIK,Zgony,1993,2014
CHOMRANICE,CHOMRANICE,Chrzty,1744,2014
CHOMRANICE,CHOMRANICE,Śluby,1744,2014
CHOMRANICE,CHOMRANICE,Zgony,1744,2014
CHORZELÓW,CHORZELÓW,Chrzty,1811,2014
CHORZELÓW,CHORZELÓW,Śluby,1811,2014
CHORZELÓW,CHORZELÓW,Zgony,1811,2014
CHOTOWA,CHOTOWA,Chrzty,1945,2014
CHOTOWA,CHOTOWA,Śluby,1945,2014
CHOTOWA,CHOTOWA,Zgony,1945,2014
CHRONÓW,CHRONÓW,Chrzty,1794,2010
CHRONÓW,CHRONÓW,Śluby,1794,2010
CHRONÓW,CHRONÓW,Zgony,1794,2010
CIENIAWA,CIENIAWA,Chrzty,1981,2014
CIENIAWA,CIENIAWA,Śluby,1982,2014
CIENIAWA,CIENIAWA,Zgony,1982,2014
CIKOWICE,CIKOWICE,Chrzty,1943,2014
CIKOWICE,CIKOWICE,Śluby,1943,2014
CIKOWICE,CIKOWICE,Zgony,1943,2014
CIĘŻKOWICE,CIĘŻKOWICE,Chrzty,1801,2014
CIĘŻKOWICE,CIĘŻKOWICE,Śluby,1801,2014
CIĘŻKOWICE,CIĘŻKOWICE,Zgony,1801,2014
CZARNA k. TARNOWA,CZARNA k. TARNOWA,Chrzty,1945,2014
CZARNA k. TARNOWA,CZARNA k. TARNOWA,Śluby,1945,2014
CZARNA k. TARNOWA,CZARNA k. TARNOWA,Zgony,1945,2014
CZARNY POTOK,CZARNY POTOK,Chrzty,1789,2013
CZARNY POTOK,CZARNY POTOK,Śluby,1789,2013
CZARNY POTOK,CZARNY POTOK,Zgony,1789,2009
CZCHÓW,CZCHÓW,Chrzty,1791,2014
CZCHÓW,CZCHÓW,Śluby,1791,2014
CZCHÓW,CZCHÓW,Zgony,1791,2014
CZERMIN,CZERMIN,Chrzty,1800,2014
CZERMIN,CZERMIN,Śluby,1800,2014
CZERMIN,CZERMIN,Zgony,1800,2014
CZERMNA,CZERMNA,Chrzty,1826,2014
CZERMNA,CZERMNA,Śluby,1826,2014
CZERMNA,CZERMNA,Zgony,1826,2014
CZYRNA,CZYRNA,Chrzty,1948,2005
CZYRNA,CZYRNA,Śluby,1948,2005
CZYRNA,CZYRNA,Zgony,1948,2005
DELASTOWICE,DELASTOWICE,Chrzty,1946,2013
DELASTOWICE,DELASTOWICE,Śluby,1946,2013
DELASTOWICE,DELASTOWICE,Zgony,1946,2013
DOBRA,DOBRA,Chrzty,1786,2014
DOBRA,DOBRA,Śluby,1786,2014
DOBRA,DOBRA,Zgony,1786,2014
DOBRKÓW,DOBRKÓW,Chrzty,1813,2013
DOBRKÓW,DOBRKÓW,Śluby,1813,2013
DOBRKÓW,DOBRKÓW,Zgony,1813,2013
DOBRYNIN,DOBRYNIN,Chrzty,1966,2014
DOBRYNIN,DOBRYNIN,Śluby,1966,2014
DOBRYNIN,DOBRYNIN,Zgony,1966,2014
DOMOSŁAWICE,DOMOSŁAWICE,Chrzty,1790,2014
DOMOSŁAWICE,DOMOSŁAWICE,Śluby,1790,2014
DOMOSŁAWICE,DOMOSŁAWICE,Zgony,1790,2014
DRWINIA,DRWINIA,Chrzty,1981,2011
DRWINIA,DRWINIA,Śluby,1981,2011
DRWINIA,DRWINIA,Zgony,1981,2011
DULCZA MAŁA,DULCZA MAŁA,Chrzty,1983,2013
DULCZA MAŁA,DULCZA MAŁA,Śluby,1983,2013
DULCZA MAŁA,DULCZA MAŁA,Zgony,1983,2013
DULCZA WIELKA,DULCZA WIELKA,Chrzty,1946,2014
DULCZA WIELKA,DULCZA WIELKA,Śluby,1946,2014
DULCZA WIELKA,DULCZA WIELKA,Zgony,1946,2014
DZIERŻANINY,DZIERŻANINY,Chrzty,1996,2014
DZIERŻANINY,DZIERŻANINY,Śluby,1996,2014
DZIERŻANINY,DZIERŻANINY,Zgony,2000,2014
DĄBROWA TARNOWSKA,DĄBROWA TARNOWSKA,Chrzty,1812,2011
DĄBROWA TARNOWSKA,DĄBROWA TARNOWSKA,Śluby,1812,2007
DĄBROWA TARNOWSKA,DĄBROWA TARNOWSKA,Zgony,1812,2009
DĄBRÓWKA WISŁOCKA,DĄBRÓWKA WISŁOCKA,Chrzty,1958,1982
DĄBRÓWKA WISŁOCKA,DĄBRÓWKA WISŁOCKA,Śluby,1958,2014
DĄBRÓWKA WISŁOCKA,DĄBRÓWKA WISŁOCKA,Zgony,1958,2014
DĄBRÓWKI BREŃSKIE,DĄBRÓWKI BREŃSKIE,Chrzty,1976,2013
DĄBRÓWKI BREŃSKIE,DĄBRÓWKI BREŃSKIE,Śluby,2001,2013
DĄBRÓWKI BREŃSKIE,DĄBRÓWKI BREŃSKIE,Zgony,2001,2013
DĘBICA – LATOSZYN,DĘBICA – LATOSZYN,Chrzty,1971,2014
DĘBICA – LATOSZYN,DĘBICA – LATOSZYN,Śluby,1982,2014
DĘBICA – LATOSZYN,DĘBICA – LATOSZYN,Zgony,1982,2014
"DĘBICA, MB Anielskiej","DĘBICA, MB Anielskiej",Chrzty,1971,2014
"DĘBICA, MB Anielskiej","DĘBICA, MB Anielskiej",Śluby,1971,2014
"DĘBICA, MB Anielskiej","DĘBICA, MB Anielskiej",Zgony,1971,2014
"DĘBICA, Miłosierdzia Bożego","DĘBICA, Miłosierdzia Bożego",Chrzty,1984,2013
"DĘBICA, Miłosierdzia Bożego","DĘBICA, Miłosierdzia Bożego",Śluby,1984,2013
"DĘBICA, Miłosierdzia Bożego","DĘBICA, Miłosierdzia Bożego",Zgony,1984,2013
"DĘBICA, Św. Jadwigi","DĘBICA, Św. Jadwigi",Chrzty,1821,2014
"DĘBICA, Św. Jadwigi","DĘBICA, Św. Jadwigi",Śluby,1821,2014
"DĘBICA, Św. Jadwigi","DĘBICA, Św. Jadwigi",Zgony,1821,2014
"DĘBICA, Św. Krzyża","DĘBICA, Św. Krzyża",Chrzty,1988,2009
"DĘBICA, Św. Krzyża","DĘBICA, Św. Krzyża",Śluby,1988,2009
"DĘBICA, Św. Krzyża","DĘBICA, Św. Krzyża",Zgony,1988,2009
DĘBNO,DĘBNO,Chrzty,1789,2014
DĘBNO,DĘBNO,Śluby,1789,2014
DĘBNO,DĘBNO,Zgony,1789,2014
DŁUGOŁĘKA – ŚWIERKLA,DŁUGOŁĘKA – ŚWIERKLA,Chrzty,1984,2014
DŁUGOŁĘKA – ŚWIERKLA,DŁUGOŁĘKA – ŚWIERKLA,Śluby,1984,2014
DŁUGOŁĘKA – ŚWIERKLA,DŁUGOŁĘKA – ŚWIERKLA,Zgony,1984,2014
FILIPOWICE,FILIPOWICE,Chrzty,1946,2014
FILIPOWICE,FILIPOWICE,Śluby,1946,2014
FILIPOWICE,FILIPOWICE,Zgony,1946,2014
FLORYNKA,FLORYNKA,Chrzty,1946,2014
FLORYNKA,FLORYNKA,Śluby,1946,2014
FLORYNKA,FLORYNKA,Zgony,1946,2014
GABOŃ,GABOŃ,Chrzty,1980,2014
GABOŃ,GABOŃ,Śluby,1980,2014
GABOŃ,GABOŃ,Zgony,1980,2014
GAWŁÓW,GAWŁÓW,Chrzty,1946,2012
GAWŁÓW,GAWŁÓW,Śluby,1946,2012
GAWŁÓW,GAWŁÓW,Zgony,1946,2012
GIERCZYCE,GIERCZYCE,Chrzty,1976,2014
GIERCZYCE,GIERCZYCE,Śluby,1976,2014
GIERCZYCE,GIERCZYCE,Zgony,1976,2014
GNOJNIK,GNOJNIK,Chrzty,1799,2003
GNOJNIK,GNOJNIK,Śluby,1799,2011
GNOJNIK,GNOJNIK,Zgony,1799,2012
GORZEJOWA,GORZEJOWA,Chrzty,1954,2014
GORZEJOWA,GORZEJOWA,Śluby,1954,2014
GORZEJOWA,GORZEJOWA,Zgony,1954,2014
GORZKÓW,GORZKÓW,Chrzty,2014,2014
GORZKÓW,GORZKÓW,Śluby,2014,2014
GORZKÓW,GORZKÓW,Zgony,2014,2014
GOSPRZYDOWA,GOSPRZYDOWA,Chrzty,1794,2014
GOSPRZYDOWA,GOSPRZYDOWA,Śluby,1794,2014
GOSPRZYDOWA,GOSPRZYDOWA,Zgony,1799,2014
GOŁKOWICE,GOŁKOWICE,Chrzty,1946,2014
GOŁKOWICE,GOŁKOWICE,Śluby,1946,2014
GOŁKOWICE,GOŁKOWICE,Zgony,1946,2014
GRABNO,GRABNO,Chrzty,1910,2014
GRABNO,GRABNO,Śluby,1910,2014
GRABNO,GRABNO,Zgony,1910,2014
GROBLA,GROBLA,Chrzty,1870,2013
GROBLA,GROBLA,Śluby,1870,2013
GROBLA,GROBLA,Zgony,1870,2013
GROMNIK,GROMNIK,Chrzty,1793,2014
GROMNIK,GROMNIK,Śluby,1795,2014
GROMNIK,GROMNIK,Zgony,1792,2014
GRUDNA GÓRNA,GRUDNA GÓRNA,Chrzty,1979,1997
GRUDNA GÓRNA,GRUDNA GÓRNA,Śluby,1979,1996
GRUDNA GÓRNA,GRUDNA GÓRNA,Zgony,1979,1997
GRUSZÓW WIELKI,GRUSZÓW WIELKI,Chrzty,1979,1989
GRUSZÓW WIELKI,GRUSZÓW WIELKI,Śluby,1979,1989
GRUSZÓW WIELKI,GRUSZÓW WIELKI,Zgony,1979,1989
GRYBÓW,GRYBÓW,Chrzty,1800,2014
GRYBÓW,GRYBÓW,Śluby,1800,2014
GRYBÓW,GRYBÓW,Zgony,1800,2014
GRYWAŁD,GRYWAŁD,Chrzty,1943,2014
GRYWAŁD,GRYWAŁD,Śluby,1943,2014
GRYWAŁD,GRYWAŁD,Zgony,1943,2014
GRÓDEK k. GRYBOWA,GRÓDEK k. GRYBOWA,Chrzty,1876,2014
GRÓDEK k. GRYBOWA,GRÓDEK k. GRYBOWA,Śluby,1890,2014
GRÓDEK k. GRYBOWA,GRÓDEK k. GRYBOWA,Zgony,1890,2014
GRÓDEK n. DUNAJCEM,GRÓDEK n. DUNAJCEM,Chrzty,1996,2014
GRÓDEK n. DUNAJCEM,GRÓDEK n. DUNAJCEM,Śluby,1996,2014
GRÓDEK n. DUNAJCEM,GRÓDEK n. DUNAJCEM,Zgony,1996,2014
GRĘBOSZÓW,GRĘBOSZÓW,Chrzty,1800,2014
GRĘBOSZÓW,GRĘBOSZÓW,Śluby,1800,2014
GRĘBOSZÓW,GRĘBOSZÓW,Zgony,1800,2014
GUMNISKA,GUMNISKA,Chrzty,1809,2014
GUMNISKA,GUMNISKA,Śluby,1809,2014
GUMNISKA,GUMNISKA,Zgony,1809,2014
GWOŹDZIEC,GWOŹDZIEC,Chrzty,1788,2012
GWOŹDZIEC,GWOŹDZIEC,Śluby,1788,2012
GWOŹDZIEC,GWOŹDZIEC,Zgony,1788,2012
GÓRA MOTYCZNA,GÓRA MOTYCZNA,Chrzty,1958,2013
GÓRA MOTYCZNA,GÓRA MOTYCZNA,Śluby,1958,2013
GÓRA MOTYCZNA,GÓRA MOTYCZNA,Zgony,1958,2013
GÓRA św. JANA,GÓRA św. JANA,Chrzty,1786,2014
GÓRA św. JANA,GÓRA św. JANA,Śluby,1786,2014
GÓRA św. JANA,GÓRA św. JANA,Zgony,1786,2014
GÓRKI,GÓRKI,Chrzty,1946,2014
GÓRKI,GÓRKI,Śluby,1946,2014
GÓRKI,GÓRKI,Zgony,1946,2014
GŁĘBOKIE,GŁĘBOKIE,Chrzty,1978,2014
GŁĘBOKIE,GŁĘBOKIE,Śluby,1978,2014
GŁĘBOKIE,GŁĘBOKIE,Zgony,1978,2014
IWKOWA,IWKOWA,Chrzty,1790,2014
IWKOWA,IWKOWA,Śluby,1790,2014
IWKOWA,IWKOWA,Zgony,1790,2014
JADOWNIKI,JADOWNIKI,Chrzty,1805,2014
JADOWNIKI,JADOWNIKI,Śluby,1805,2014
JADOWNIKI,JADOWNIKI,Zgony,1805,2014
JADOWNIKI MOKRE,JADOWNIKI MOKRE,Chrzty,1890,2014
JADOWNIKI MOKRE,JADOWNIKI MOKRE,Śluby,1890,2014
JADOWNIKI MOKRE,JADOWNIKI MOKRE,Zgony,1890,2014
JAMY WIELKIE,JAMY WIELKIE,Chrzty,1946,2013
JAMY WIELKIE,JAMY WIELKIE,Śluby,1946,2014
JAMY WIELKIE,JAMY WIELKIE,Zgony,1946,2013
JANKOWA,JANKOWA,Chrzty,1980,2011
JANKOWA,JANKOWA,Śluby,1980,2011
JANKOWA,JANKOWA,Zgony,1980,2011
JANOWICE,JANOWICE,Chrzty,1946,2013
JANOWICE,JANOWICE,Śluby,1946,2013
JANOWICE,JANOWICE,Zgony,1946,2013
JANOWIEC,JANOWIEC,Chrzty,1989,2013
JANOWIEC,JANOWIEC,Śluby,1989,2013
JANOWIEC,JANOWIEC,Zgony,1989,2013
JASIENNA,JASIENNA,Chrzty,1946,2014
JASIENNA,JASIENNA,Śluby,1946,2014
JASIENNA,JASIENNA,Zgony,1946,2014
JASIEŃ,JASIEŃ,Chrzty,1784,2012
JASIEŃ,JASIEŃ,Śluby,1784,2012
JASIEŃ,JASIEŃ,Zgony,1784,2012
JASTRZĘBIA,JASTRZĘBIA,Chrzty,1801,2014
JASTRZĘBIA,JASTRZĘBIA,Śluby,1801,2014
JASTRZĘBIA,JASTRZĘBIA,Zgony,1801,2014
JAWORSKO,JAWORSKO,Chrzty,1970,2014
JAWORSKO,JAWORSKO,Śluby,1970,2014
JAWORSKO,JAWORSKO,Zgony,1970,2014
JAWORZNA,JAWORZNA,Chrzty,1890,2014
JAWORZNA,JAWORZNA,Śluby,1890,2014
JAWORZNA,JAWORZNA,Zgony,1890,2014
JAZOWSKO,JAZOWSKO,Chrzty,1808,2014
JAZOWSKO,JAZOWSKO,Śluby,1808,2014
JAZOWSKO,JAZOWSKO,Zgony,1808,2014
JODŁOWA - SANKTUARIUM,JODŁOWA - SANKTUARIUM,Chrzty,1826,2014
JODŁOWA - SANKTUARIUM,JODŁOWA - SANKTUARIUM,Śluby,1826,2014
JODŁOWA - SANKTUARIUM,JODŁOWA - SANKTUARIUM,Zgony,1826,2014
JODŁOWA GÓRNA,JODŁOWA GÓRNA,Chrzty,1980,2013
JODŁOWA GÓRNA,JODŁOWA GÓRNA,Śluby,1980,2013
JODŁOWA GÓRNA,JODŁOWA GÓRNA,Zgony,1980,2013
JODŁOWNIK,JODŁOWNIK,Chrzty,1946,2014
JODŁOWNIK,JODŁOWNIK,Śluby,1946,2014
JODŁOWNIK,JODŁOWNIK,Zgony,1946,2014
JODŁÓWKA TUCHOWSKA,JODŁÓWKA TUCHOWSKA,Chrzty,1842,2009
JODŁÓWKA TUCHOWSKA,JODŁÓWKA TUCHOWSKA,Śluby,1842,2002
JODŁÓWKA TUCHOWSKA,JODŁÓWKA TUCHOWSKA,Zgony,1842,2007
JODŁÓWKA WAŁKI,JODŁÓWKA WAŁKI,Chrzty,1979,2010
JODŁÓWKA WAŁKI,JODŁÓWKA WAŁKI,Śluby,1980,2010
JODŁÓWKA WAŁKI,JODŁÓWKA WAŁKI,Zgony,1981,2010
JURKÓW k. CZCHOWA,JURKÓW k. CZCHOWA,Chrzty,1971,2014
JURKÓW k. CZCHOWA,JURKÓW k. CZCHOWA,Śluby,1971,2014
JURKÓW k. CZCHOWA,JURKÓW k. CZCHOWA,Zgony,1971,2014
JURKÓW k. LIMANOWEJ,JURKÓW k. LIMANOWEJ,Chrzty,1946,2014
JURKÓW k. LIMANOWEJ,JURKÓW k. LIMANOWEJ,Śluby,1946,2014
JURKÓW k. LIMANOWEJ,JURKÓW k. LIMANOWEJ,Zgony,1946,2014
KAMIANNA,KAMIANNA,Chrzty,1967,2010
KAMIANNA,KAMIANNA,Śluby,1967,2010
KAMIANNA,KAMIANNA,Zgony,1967,2010
KAMIENICA,KAMIENICA,Chrzty,1787,2014
KAMIENICA,KAMIENICA,Śluby,1787,2014
KAMIENICA,KAMIENICA,Zgony,1787,2014
KAMIENICA GÓRNA,KAMIENICA GÓRNA,Chrzty,1975,2014
KAMIENICA GÓRNA,KAMIENICA GÓRNA,Śluby,1976,2014
KAMIENICA GÓRNA,KAMIENICA GÓRNA,Zgony,1975,2014
KAMIONKA MAŁA,KAMIONKA MAŁA,Chrzty,1946,2011
KAMIONKA MAŁA,KAMIONKA MAŁA,Śluby,1946,2011
KAMIONKA MAŁA,KAMIONKA MAŁA,Zgony,1946,2011
KAMIONKA WIELKA,KAMIONKA WIELKA,Chrzty,1802,2014
KAMIONKA WIELKA,KAMIONKA WIELKA,Śluby,1802,2014
KAMIONKA WIELKA,KAMIONKA WIELKA,Zgony,1802,2014
KAMIONNA,KAMIONNA,Chrzty,1946,2014
KAMIONNA,KAMIONNA,Śluby,1946,2014
KAMIONNA,KAMIONNA,Zgony,1946,2014
KANINA,KANINA,Chrzty,1794,2012
KANINA,KANINA,Śluby,1796,2012
KANINA,KANINA,Zgony,1796,2012
KICZNIA,KICZNIA,Chrzty,1984,2014
KICZNIA,KICZNIA,Śluby,1984,2014
KICZNIA,KICZNIA,Zgony,1984,2014
KIERLIKÓWKA,KIERLIKÓWKA,Chrzty,2002,2009
KIERLIKÓWKA,KIERLIKÓWKA,Śluby,2002,2009
KIERLIKÓWKA,KIERLIKÓWKA,Zgony,2002,2009
KOBYLE,KOBYLE,Chrzty,1989,2011
KOBYLE,KOBYLE,Śluby,1989,2011
KOBYLE,KOBYLE,Zgony,1989,2011
KORZENIÓW,KORZENIÓW,Chrzty,1984,2010
KORZENIÓW,KORZENIÓW,Śluby,1991,2010
KORZENIÓW,KORZENIÓW,Zgony,1984,2010
KORZENNA,KORZENNA,Chrzty,1801,2012
KORZENNA,KORZENNA,Śluby,1801,2013
KORZENNA,KORZENNA,Zgony,1801,2013
KOSZYCE MAŁE,KOSZYCE MAŁE,Chrzty,1967,2013
KOSZYCE MAŁE,KOSZYCE MAŁE,Śluby,1973,2013
KOSZYCE MAŁE,KOSZYCE MAŁE,Zgony,1973,2013
KOSZYCE WIELKIE,KOSZYCE WIELKIE,Chrzty,1981,2014
KOSZYCE WIELKIE,KOSZYCE WIELKIE,Śluby,1981,2014
KOSZYCE WIELKIE,KOSZYCE WIELKIE,Zgony,1981,2014
KOWALOWA,KOWALOWA,Chrzty,1946,2014
KOWALOWA,KOWALOWA,Śluby,1946,2014
KOWALOWA,KOWALOWA,Zgony,1946,2014
KRASNE,KRASNE,Chrzty,1946,2014
KRASNE,KRASNE,Śluby,1946,2014
KRASNE,KRASNE,Zgony,1946,2014
KROSNA k. UJANOWIC,KROSNA k. UJANOWIC,Chrzty,1981,2014
KROSNA k. UJANOWIC,KROSNA k. UJANOWIC,Śluby,1981,2014
KROSNA k. UJANOWIC,KROSNA k. UJANOWIC,Zgony,1981,2014
KROŚCIENKO n. DUNAJCEM,KROŚCIENKO n. DUNAJCEM,Chrzty,1813,2010
KROŚCIENKO n. DUNAJCEM,KROŚCIENKO n. DUNAJCEM,Śluby,1813,2010
KROŚCIENKO n. DUNAJCEM,KROŚCIENKO n. DUNAJCEM,Zgony,1813,2010
KRUŻLOWA,KRUŻLOWA,Chrzty,1801,2014
KRUŻLOWA,KRUŻLOWA,Śluby,1801,2014
KRUŻLOWA,KRUŻLOWA,Zgony,1801,2014
KRYNICA DOLNA - MBNP,KRYNICA DOLNA - MBNP,Chrzty,1946,2014
KRYNICA DOLNA - MBNP,KRYNICA DOLNA - MBNP,Śluby,1947,2014
KRYNICA DOLNA - MBNP,KRYNICA DOLNA - MBNP,Zgony,1947,2014
KRYNICA ZDRÓJ,KRYNICA ZDRÓJ,Chrzty,1946,2014
KRYNICA ZDRÓJ,KRYNICA ZDRÓJ,Śluby,1946,2012
KRYNICA ZDRÓJ,KRYNICA ZDRÓJ,Zgony,1946,2014
"KRYNICA, NSPJ","KRYNICA, NSPJ",Chrzty,1981,2014
"KRYNICA, NSPJ","KRYNICA, NSPJ",Śluby,1981,2014
"KRYNICA, NSPJ","KRYNICA, NSPJ",Zgony,1981,2014
"KRYNICA, św. Antoni","KRYNICA, św. Antoni",Chrzty,1976,2012
"KRYNICA, św. Antoni","KRYNICA, św. Antoni",Śluby,1976,2012
"KRYNICA, św. Antoni","KRYNICA, św. Antoni",Zgony,1976,2012
KRZECZÓW,KRZECZÓW,Chrzty,1991,2010
KRZECZÓW,KRZECZÓW,Śluby,1991,2010
KRZECZÓW,KRZECZÓW,Zgony,1991,2010
KRZYŻANOWICE,KRZYŻANOWICE,Chrzty,1811,2014
KRZYŻANOWICE,KRZYŻANOWICE,Śluby,1811,2014
KRZYŻANOWICE,KRZYŻANOWICE,Zgony,1811,2014
KRÓLOWA GÓRNA,KRÓLOWA GÓRNA,Chrzty,1946,2015
KRÓLOWA GÓRNA,KRÓLOWA GÓRNA,Śluby,1946,2015
KRÓLOWA GÓRNA,KRÓLOWA GÓRNA,Zgony,1946,2015
KRÓLÓWKA,KRÓLÓWKA,Chrzty,1815,2014
KRÓLÓWKA,KRÓLÓWKA,Śluby,1815,2014
KRÓLÓWKA,KRÓLÓWKA,Zgony,1815,2014
KSIĄŻNICE,KSIĄŻNICE,Chrzty,1822,2011
KSIĄŻNICE,KSIĄŻNICE,Śluby,1804,2011
KSIĄŻNICE,KSIĄŻNICE,Zgony,1804,2011
KWIATONOWICE,KWIATONOWICE,Chrzty,1985,2011
KWIATONOWICE,KWIATONOWICE,Śluby,1985,2011
KWIATONOWICE,KWIATONOWICE,Zgony,1985,2011
KĄCLOWA,KĄCLOWA,Chrzty,1946,2014
KĄCLOWA,KĄCLOWA,Śluby,1946,2014
KĄCLOWA,KĄCLOWA,Zgony,1946,2014
KĄTY,KĄTY,Chrzty,1971,2014
KĄTY,KĄTY,Śluby,1972,2014
KĄTY,KĄTY,Zgony,1976,2014
LASKOWA,LASKOWA,Chrzty,1890,2014
LASKOWA,LASKOWA,Śluby,1946,2014
LASKOWA,LASKOWA,Zgony,1946,2014
LELUCHÓW,LELUCHÓW,Chrzty,1990,2014
LELUCHÓW,LELUCHÓW,Śluby,2005,2014
LELUCHÓW,LELUCHÓW,Zgony,2010,2014
LESZCZYNA,LESZCZYNA,Chrzty,1981,2013
LESZCZYNA,LESZCZYNA,Śluby,1981,2011
LESZCZYNA,LESZCZYNA,Zgony,1981,2011
LEWNIOWA,LEWNIOWA,Chrzty,1973,2014
LEWNIOWA,LEWNIOWA,Śluby,1973,2014
LEWNIOWA,LEWNIOWA,Zgony,1973,2014
LIBRANTOWA,LIBRANTOWA,Chrzty,1989,2014
LIBRANTOWA,LIBRANTOWA,Śluby,1973,2014
LIBRANTOWA,LIBRANTOWA,Zgony,1973,2014
LICHWIN,LICHWIN,Chrzty,1926,2010
LICHWIN,LICHWIN,Śluby,1926,2010
LICHWIN,LICHWIN,Zgony,1899,2010
LIMANOWA SOWLINY,LIMANOWA SOWLINY,Chrzty,1891,2014
LIMANOWA SOWLINY,LIMANOWA SOWLINY,Śluby,1891,2014
LIMANOWA SOWLINY,LIMANOWA SOWLINY,Zgony,1962,2014
"LIMANOWA, MB Bolesnej","LIMANOWA, MB Bolesnej",Chrzty,1808,2013
"LIMANOWA, MB Bolesnej","LIMANOWA, MB Bolesnej",Śluby,1808,2013
"LIMANOWA, MB Bolesnej","LIMANOWA, MB Bolesnej",Zgony,1808,2013
LIPINY,LIPINY,Chrzty,2002,2011
LIPINY,LIPINY,Śluby,2002,2011
LIPINY,LIPINY,Zgony,2002,2010
LIPNICA MUROWANA,LIPNICA MUROWANA,Chrzty,1794,2013
LIPNICA MUROWANA,LIPNICA MUROWANA,Śluby,1795,2013
LIPNICA MUROWANA,LIPNICA MUROWANA,Zgony,1795,2013
LIPNICA WIELKA,LIPNICA WIELKA,Chrzty,1698,2014
LIPNICA WIELKA,LIPNICA WIELKA,Śluby,1698,2014
LIPNICA WIELKA,LIPNICA WIELKA,Zgony,1778,2014
LISIA GÓRA,LISIA GÓRA,Chrzty,1800,2014
LISIA GÓRA,LISIA GÓRA,Śluby,1800,2014
LISIA GÓRA,LISIA GÓRA,Zgony,1800,2014
LUBASZOWA,LUBASZOWA,Chrzty,1999,2014
LUBASZOWA,LUBASZOWA,Śluby,1999,2014
LUBASZOWA,LUBASZOWA,Zgony,2000,2014
LUBCZA,LUBCZA,Chrzty,1801,2014
LUBCZA,LUBCZA,Śluby,1803,2014
LUBCZA,LUBCZA,Zgony,1803,2014
LUBZINA,LUBZINA,Chrzty,1822,2011
LUBZINA,LUBZINA,Śluby,1822,2011
LUBZINA,LUBZINA,Zgony,1822,2011
LUSZOWICE,LUSZOWICE,Chrzty,1823,2014
LUSZOWICE,LUSZOWICE,Śluby,1823,2014
LUSZOWICE,LUSZOWICE,Zgony,1823,2014
MACHOWA,MACHOWA,Chrzty,1796,2014
MACHOWA,MACHOWA,Śluby,1796,2014
MACHOWA,MACHOWA,Zgony,1796,2014
MACIEJOWA,MACIEJOWA,Chrzty,1970,2014
MACIEJOWA,MACIEJOWA,Śluby,1971,2014
MACIEJOWA,MACIEJOWA,Zgony,1971,2014
MARCINKOWICE,MARCINKOWICE,Chrzty,1784,2014
MARCINKOWICE,MARCINKOWICE,Śluby,1784,2014
MARCINKOWICE,MARCINKOWICE,Zgony,1784,2014
MASZKIENICE,MASZKIENICE,Chrzty,1946,2013
MASZKIENICE,MASZKIENICE,Śluby,1946,2013
MASZKIENICE,MASZKIENICE,Zgony,1946,2013
MICHALCZOWA,MICHALCZOWA,Chrzty,1976,2014
MICHALCZOWA,MICHALCZOWA,Śluby,1976,2014
MICHALCZOWA,MICHALCZOWA,Zgony,1970,2014
MIELEC – RZOCHÓW,MIELEC – RZOCHÓW,Chrzty,1811,2011
MIELEC – RZOCHÓW,MIELEC – RZOCHÓW,Śluby,1811,2011
MIELEC – RZOCHÓW,MIELEC – RZOCHÓW,Zgony,1811,2012
"MIELEC, MBNP","MIELEC, MBNP",Chrzty,1947,2011
"MIELEC, MBNP","MIELEC, MBNP",Śluby,1947,2011
"MIELEC, MBNP","MIELEC, MBNP",Zgony,1947,2011
"MIELEC, Trójcy Świętej","MIELEC, Trójcy Świętej",Chrzty,1987,2011
"MIELEC, Trójcy Świętej","MIELEC, Trójcy Świętej",Śluby,1987,2011
"MIELEC, Trójcy Świętej","MIELEC, Trójcy Świętej",Zgony,1987,2011
"MIELEC, Św. Ducha","MIELEC, Św. Ducha",Chrzty,1980,2009
"MIELEC, Św. Ducha","MIELEC, Św. Ducha",Śluby,1980,2009
"MIELEC, Św. Ducha","MIELEC, Św. Ducha",Zgony,1980,2004
"MIELEC, św. Mateusza","MIELEC, św. Mateusza",Chrzty,1812,2014
"MIELEC, św. Mateusza","MIELEC, św. Mateusza",Śluby,1812,2014
"MIELEC, św. Mateusza","MIELEC, św. Mateusza",Zgony,1812,2014
MIKLUSZOWICE,MIKLUSZOWICE,Chrzty,1808,2014
MIKLUSZOWICE,MIKLUSZOWICE,Śluby,1808,2014
MIKLUSZOWICE,MIKLUSZOWICE,Zgony,1808,2014
MIKOŁAJOWICE,MIKOŁAJOWICE,Chrzty,1961,2014
MIKOŁAJOWICE,MIKOŁAJOWICE,Śluby,1961,2014
MIKOŁAJOWICE,MIKOŁAJOWICE,Zgony,1961,2014
MILIK,MILIK,Chrzty,1946,2014
MILIK,MILIK,Śluby,1947,2014
MILIK,MILIK,Zgony,1947,2014
MOCHNACZKA,MOCHNACZKA,Chrzty,1946,2014
MOCHNACZKA,MOCHNACZKA,Śluby,1946,2014
MOCHNACZKA,MOCHNACZKA,Zgony,1946,2014
MOGILNO,MOGILNO,Chrzty,1786,2014
MOGILNO,MOGILNO,Śluby,1786,2014
MOGILNO,MOGILNO,Zgony,1784,2014
MOKRZYSKA,MOKRZYSKA,Chrzty,1976,2013
MOKRZYSKA,MOKRZYSKA,Śluby,1976,2013
MOKRZYSKA,MOKRZYSKA,Zgony,1977,2013
MORDARKA,MORDARKA,Chrzty,2010,2014
MORDARKA,MORDARKA,Śluby,2011,2014
MORDARKA,MORDARKA,Zgony,2010,2014
MOSZCZENICA k. GORLIC,MOSZCZENICA k. GORLIC,Chrzty,1826,1990
MOSZCZENICA k. GORLIC,MOSZCZENICA k. GORLIC,Śluby,1826,1990
MOSZCZENICA k. GORLIC,MOSZCZENICA k. GORLIC,Zgony,1826,1990
MOSZCZENICA NIŻNA,MOSZCZENICA NIŻNA,Chrzty,1970,2014
MOSZCZENICA NIŻNA,MOSZCZENICA NIŻNA,Śluby,1970,2014
MOSZCZENICA NIŻNA,MOSZCZENICA NIŻNA,Zgony,1970,2014
MSZANKA,MSZANKA,Chrzty,1901,2012
MSZANKA,MSZANKA,Śluby,1898,2012
MSZANKA,MSZANKA,Zgony,1904,2012
MUCHÓWKA,MUCHÓWKA,Chrzty,1949,2014
MUCHÓWKA,MUCHÓWKA,Śluby,1950,2014
MUCHÓWKA,MUCHÓWKA,Zgony,1949,2014
"MUSZYNA, Bł. M.T. Ledóchowskiej","MUSZYNA, Bł. M.T. Ledóchowskiej",Chrzty,1984,2012
"MUSZYNA, Bł. M.T. Ledóchowskiej","MUSZYNA, Bł. M.T. Ledóchowskiej",Śluby,1984,2012
"MUSZYNA, Bł. M.T. Ledóchowskiej","MUSZYNA, Bł. M.T. Ledóchowskiej",Zgony,1984,2012
"MUSZYNA, Św. Józefa","MUSZYNA, Św. Józefa",Chrzty,1810,2014
"MUSZYNA, Św. Józefa","MUSZYNA, Św. Józefa",Śluby,1810,2014
"MUSZYNA, Św. Józefa","MUSZYNA, Św. Józefa",Zgony,1810,2014
MYSTKÓW,MYSTKÓW,Chrzty,1802,2007
MYSTKÓW,MYSTKÓW,Śluby,1802,1996
MYSTKÓW,MYSTKÓW,Zgony,1802,2011
MĘCINA,MĘCINA,Chrzty,1802,2014
MĘCINA,MĘCINA,Śluby,1802,2014
MĘCINA,MĘCINA,Zgony,1802,2014
MĘDRZECHÓW,MĘDRZECHÓW,Chrzty,1946,2011
MĘDRZECHÓW,MĘDRZECHÓW,Śluby,1946,2011
MĘDRZECHÓW,MĘDRZECHÓW,Zgony,1946,2011
MŁYŃCZYSKA,MŁYŃCZYSKA,Chrzty,1946,2014
MŁYŃCZYSKA,MŁYŃCZYSKA,Śluby,1946,2014
MŁYŃCZYSKA,MŁYŃCZYSKA,Zgony,1946,2014
NAGAWCZYNA,NAGAWCZYNA,Chrzty,1987,2009
NAGAWCZYNA,NAGAWCZYNA,Śluby,1999,2009
NAGAWCZYNA,NAGAWCZYNA,Zgony,1987,2009
NAGOSZYN,NAGOSZYN,Chrzty,1793,2014
NAGOSZYN,NAGOSZYN,Śluby,1789,2014
NAGOSZYN,NAGOSZYN,Zgony,1791,2014
NAWOJOWA,NAWOJOWA,Chrzty,1815,2014
NAWOJOWA,NAWOJOWA,Śluby,1815,2013
NAWOJOWA,NAWOJOWA,Zgony,1815,2013
NIECIECZA,NIECIECZA,Chrzty,1978,2015
NIECIECZA,NIECIECZA,Śluby,1978,2015
NIECIECZA,NIECIECZA,Zgony,1978,2015
NIECZAJNA,NIECZAJNA,Chrzty,1946,2014
NIECZAJNA,NIECZAJNA,Śluby,1946,2014
NIECZAJNA,NIECZAJNA,Zgony,1946,2014
NIEDOMICE,NIEDOMICE,Chrzty,1965,2014
NIEDOMICE,NIEDOMICE,Śluby,1968,2014
NIEDOMICE,NIEDOMICE,Zgony,1968,2014
NIEDZIELISKA,NIEDZIELISKA,Chrzty,1951,2010
NIEDZIELISKA,NIEDZIELISKA,Śluby,1951,2010
NIEDZIELISKA,NIEDZIELISKA,Zgony,1951,2010
NIEDŹWIEDZA,NIEDŹWIEDZA,Chrzty,1958,2014
NIEDŹWIEDZA,NIEDŹWIEDZA,Śluby,1958,2014
NIEDŹWIEDZA,NIEDŹWIEDZA,Zgony,1958,2014
NISKOWA,NISKOWA,Chrzty,2008,2013
NISKOWA,NISKOWA,Śluby,2008,2013
NISKOWA,NISKOWA,Zgony,1987,2013
NOWA JASTRZĄBKA,NOWA JASTRZĄBKA,Chrzty,1890,2013
NOWA JASTRZĄBKA,NOWA JASTRZĄBKA,Śluby,1890,2013
NOWA JASTRZĄBKA,NOWA JASTRZĄBKA,Zgony,1946,2013
NOWA WIEŚ,NOWA WIEŚ,Chrzty,1949,2014
NOWA WIEŚ,NOWA WIEŚ,Śluby,1828,2014
NOWA WIEŚ,NOWA WIEŚ,Zgony,1951,2014
NOWE RYBIE,NOWE RYBIE,Chrzty,1808,2010
NOWE RYBIE,NOWE RYBIE,Śluby,1820,2010
NOWE RYBIE,NOWE RYBIE,Zgony,1825,2010
NOWY SĄCZ – BIEGONICE,NOWY SĄCZ – BIEGONICE,Chrzty,1653,2014
NOWY SĄCZ – BIEGONICE,NOWY SĄCZ – BIEGONICE,Śluby,1653,2014
NOWY SĄCZ – BIEGONICE,NOWY SĄCZ – BIEGONICE,Zgony,1653,2014
NOWY SĄCZ – ZABEŁCZE,NOWY SĄCZ – ZABEŁCZE,Chrzty,1974,2010
NOWY SĄCZ – ZABEŁCZE,NOWY SĄCZ – ZABEŁCZE,Śluby,1974,2010
NOWY SĄCZ – ZABEŁCZE,NOWY SĄCZ – ZABEŁCZE,Zgony,1974,2010
"NOWY SĄCZ, MB Bolesnej","NOWY SĄCZ, MB Bolesnej",Chrzty,1946,2014
"NOWY SĄCZ, MB Bolesnej","NOWY SĄCZ, MB Bolesnej",Śluby,1946,2014
"NOWY SĄCZ, MB Bolesnej","NOWY SĄCZ, MB Bolesnej",Zgony,1946,2014
"NOWY SĄCZ, MB Niepokalanej","NOWY SĄCZ, MB Niepokalanej",Chrzty,1967,2014
"NOWY SĄCZ, MB Niepokalanej","NOWY SĄCZ, MB Niepokalanej",Śluby,1967,2014
"NOWY SĄCZ, MB Niepokalanej","NOWY SĄCZ, MB Niepokalanej",Zgony,1967,2014
"NOWY SĄCZ, NSPJ","NOWY SĄCZ, NSPJ",Chrzty,1938,2012
"NOWY SĄCZ, NSPJ","NOWY SĄCZ, NSPJ",Śluby,1946,2012
"NOWY SĄCZ, NSPJ","NOWY SĄCZ, NSPJ",Zgony,1946,2012
"NOWY SĄCZ, Św. Ducha","NOWY SĄCZ, Św. Ducha",Chrzty,1951,2014
"NOWY SĄCZ, Św. Ducha","NOWY SĄCZ, Św. Ducha",Śluby,1951,2014
"NOWY SĄCZ, Św. Ducha","NOWY SĄCZ, Św. Ducha",Zgony,1951,2014
"NOWY SĄCZ, św. Heleny","NOWY SĄCZ, św. Heleny",Chrzty,1978,2014
"NOWY SĄCZ, św. Heleny","NOWY SĄCZ, św. Heleny",Śluby,1977,2014
"NOWY SĄCZ, św. Heleny","NOWY SĄCZ, św. Heleny",Zgony,1983,2014
"NOWY SĄCZ, św. Jana Chrzciciela","NOWY SĄCZ, św. Jana Chrzciciela",Chrzty,2011,2014
"NOWY SĄCZ, św. Jana Chrzciciela","NOWY SĄCZ, św. Jana Chrzciciela",Śluby,2011,2012
"NOWY SĄCZ, św. Jana Chrzciciela","NOWY SĄCZ, św. Jana Chrzciciela",Zgony,2012,2014
"NOWY SĄCZ, św. Kazimierza","NOWY SĄCZ, św. Kazimierza",Chrzty,1971,2014
"NOWY SĄCZ, św. Kazimierza","NOWY SĄCZ, św. Kazimierza",Śluby,1971,2014
"NOWY SĄCZ, św. Kazimierza","NOWY SĄCZ, św. Kazimierza",Zgony,1971,2014
"NOWY SĄCZ, św. Małgorzaty","NOWY SĄCZ, św. Małgorzaty",Chrzty,1803,2014
"NOWY SĄCZ, św. Małgorzaty","NOWY SĄCZ, św. Małgorzaty",Śluby,1801,2014
"NOWY SĄCZ, św. Małgorzaty","NOWY SĄCZ, św. Małgorzaty",Zgony,1801,2014
"NOWY SĄCZ, św. Rocha","NOWY SĄCZ, św. Rocha",Chrzty,1946,2014
"NOWY SĄCZ, św. Rocha","NOWY SĄCZ, św. Rocha",Śluby,1946,2014
"NOWY SĄCZ, św. Rocha","NOWY SĄCZ, św. Rocha",Zgony,1946,2014
NOWY WIŚNICZ,NOWY WIŚNICZ,Chrzty,1946,2014
NOWY WIŚNICZ,NOWY WIŚNICZ,Śluby,1946,2014
NOWY WIŚNICZ,NOWY WIŚNICZ,Zgony,1946,2014
OBIDZA,OBIDZA,Chrzty,1982,2014
OBIDZA,OBIDZA,Śluby,1982,2014
OBIDZA,OBIDZA,Zgony,1982,2014
OCHOTNICA DOLNA,OCHOTNICA DOLNA,Chrzty,1756,2014
OCHOTNICA DOLNA,OCHOTNICA DOLNA,Śluby,1795,2014
OCHOTNICA DOLNA,OCHOTNICA DOLNA,Zgony,1795,2014
OCHOTNICA GÓRNA,OCHOTNICA GÓRNA,Chrzty,1910,2014
OCHOTNICA GÓRNA,OCHOTNICA GÓRNA,Śluby,1910,2014
OCHOTNICA GÓRNA,OCHOTNICA GÓRNA,Zgony,1910,2014
OCIEKA,OCIEKA,Chrzty,1821,2010
OCIEKA,OCIEKA,Śluby,1821,2010
OCIEKA,OCIEKA,Zgony,1821,2010
ODPORYSZÓW,ODPORYSZÓW,Chrzty,1815,2014
ODPORYSZÓW,ODPORYSZÓW,Śluby,1815,2014
ODPORYSZÓW,ODPORYSZÓW,Zgony,1815,2014
OKULICE,OKULICE,Chrzty,1788,2014
OKULICE,OKULICE,Śluby,1788,2014
OKULICE,OKULICE,Zgony,1788,2014
OLESNO,OLESNO,Chrzty,1604,2014
OLESNO,OLESNO,Śluby,1654,2014
OLESNO,OLESNO,Zgony,1808,2014
OLSZANKA,OLSZANKA,Chrzty,1984,2013
OLSZANKA,OLSZANKA,Śluby,1984,2013
OLSZANKA,OLSZANKA,Zgony,1984,2013
OLSZYNY OŁPIŃSKIE,OLSZYNY OŁPIŃSKIE,Chrzty,1870,2006
OLSZYNY OŁPIŃSKIE,OLSZYNY OŁPIŃSKIE,Śluby,1898,2011
OLSZYNY OŁPIŃSKIE,OLSZYNY OŁPIŃSKIE,Zgony,1943,2011
OLSZYNY WOJNICKIE,OLSZYNY WOJNICKIE,Chrzty,1796,2014
OLSZYNY WOJNICKIE,OLSZYNY WOJNICKIE,Śluby,1796,2014
OLSZYNY WOJNICKIE,OLSZYNY WOJNICKIE,Zgony,1798,2013
OSTRÓW,OSTRÓW,Chrzty,1945,2014
OSTRÓW,OSTRÓW,Śluby,1945,2014
OSTRÓW,OSTRÓW,Zgony,1945,2014
OTFINÓW,OTFINÓW,Chrzty,1661,2012
OTFINÓW,OTFINÓW,Śluby,1661,2012
OTFINÓW,OTFINÓW,Zgony,1800,2012
OŁPINY,OŁPINY,Chrzty,1826,2014
OŁPINY,OŁPINY,Śluby,1826,2014
OŁPINY,OŁPINY,Zgony,1826,2014
PALEŚNICA,PALEŚNICA,Chrzty,1790,2014
PALEŚNICA,PALEŚNICA,Śluby,1790,2014
PALEŚNICA,PALEŚNICA,Zgony,1790,2014
PASIERBIEC,PASIERBIEC,Chrzty,1958,2013
PASIERBIEC,PASIERBIEC,Śluby,1958,2013
PASIERBIEC,PASIERBIEC,Zgony,1958,2013
PASZCZYNA,PASZCZYNA,Chrzty,1992,2014
PASZCZYNA,PASZCZYNA,Śluby,1992,2014
PASZCZYNA,PASZCZYNA,Zgony,1992,2014
PASZYN,PASZYN,Chrzty,1946,2014
PASZYN,PASZYN,Śluby,1946,2014
PASZYN,PASZYN,Zgony,1946,2014
PAWĘZÓW,PAWĘZÓW,Chrzty,1968,2014
PAWĘZÓW,PAWĘZÓW,Śluby,1974,2014
PAWĘZÓW,PAWĘZÓW,Zgony,1983,2014
PILZNO,PILZNO,Chrzty,1665,2013
PILZNO,PILZNO,Śluby,1665,2013
PILZNO,PILZNO,Zgony,1739,2013
PIOTRKOWICE,PIOTRKOWICE,Chrzty,1785,2014
PIOTRKOWICE,PIOTRKOWICE,Śluby,1785,2014
PIOTRKOWICE,PIOTRKOWICE,Zgony,1785,2014
PISARZOWA,PISARZOWA,Chrzty,1800,2013
PISARZOWA,PISARZOWA,Śluby,1800,2013
PISARZOWA,PISARZOWA,Zgony,1800,2013
PIWNICZNA ZDRÓJ,PIWNICZNA ZDRÓJ,Chrzty,1785,2007
PIWNICZNA ZDRÓJ,PIWNICZNA ZDRÓJ,Śluby,1785,2007
PIWNICZNA ZDRÓJ,PIWNICZNA ZDRÓJ,Zgony,1785,2007
PIWNICZNA – KOSARZYSKA,PIWNICZNA – KOSARZYSKA,Chrzty,1957,2013
PIWNICZNA – KOSARZYSKA,PIWNICZNA – KOSARZYSKA,Śluby,1957,2013
PIWNICZNA – KOSARZYSKA,PIWNICZNA – KOSARZYSKA,Zgony,1957,2013
PIĄTKOWA,PIĄTKOWA,Chrzty,1890,2014
PIĄTKOWA,PIĄTKOWA,Śluby,2003,2014
PIĄTKOWA,PIĄTKOWA,Zgony,2003,2014
PLEŚNA,PLEŚNA,Chrzty,1804,2014
PLEŚNA,PLEŚNA,Śluby,1804,2014
PLEŚNA,PLEŚNA,Zgony,1804,2014
PODEGRODZIE,PODEGRODZIE,Chrzty,1801,2014
PODEGRODZIE,PODEGRODZIE,Śluby,1801,2014
PODEGRODZIE,PODEGRODZIE,Zgony,1801,2014
PODGRODZIE,PODGRODZIE,Chrzty,1972,2014
PODGRODZIE,PODGRODZIE,Śluby,1972,2014
PODGRODZIE,PODGRODZIE,Zgony,1972,2014
PODOLE,PODOLE,Chrzty,1800,2011
PODOLE,PODOLE,Śluby,1800,2011
PODOLE,PODOLE,Zgony,1800,2011
PODŁOPIEŃ,PODŁOPIEŃ,Chrzty,1983,2010
PODŁOPIEŃ,PODŁOPIEŃ,Śluby,1984,2010
PODŁOPIEŃ,PODŁOPIEŃ,Zgony,1984,2010
POGWIZDÓW,POGWIZDÓW,Chrzty,1811,2014
POGWIZDÓW,POGWIZDÓW,Śluby,1811,2013
POGWIZDÓW,POGWIZDÓW,Zgony,1826,2013
POGÓRSKA WOLA,POGÓRSKA WOLA,Chrzty,1802,2013
POGÓRSKA WOLA,POGÓRSKA WOLA,Śluby,1802,2013
POGÓRSKA WOLA,POGÓRSKA WOLA,Zgony,1802,2013
POLNA,POLNA,Chrzty,1826,2014
POLNA,POLNA,Śluby,1826,2014
POLNA,POLNA,Zgony,1826,2014
PORĄBKA USZEWSKA,PORĄBKA USZEWSKA,Chrzty,1790,2014
PORĄBKA USZEWSKA,PORĄBKA USZEWSKA,Śluby,1784,2014
PORĄBKA USZEWSKA,PORĄBKA USZEWSKA,Zgony,1784,2014
PORĘBA RADLNA,PORĘBA RADLNA,Chrzty,1790,2014
PORĘBA RADLNA,PORĘBA RADLNA,Śluby,1790,2014
PORĘBA RADLNA,PORĘBA RADLNA,Zgony,1790,2014
PORĘBA SPYTKOWSKA,PORĘBA SPYTKOWSKA,Chrzty,1797,2011
PORĘBA SPYTKOWSKA,PORĘBA SPYTKOWSKA,Śluby,1797,2011
PORĘBA SPYTKOWSKA,PORĘBA SPYTKOWSKA,Zgony,1797,2011
POWROŹNIK,POWROŹNIK,Chrzty,1946,2012
POWROŹNIK,POWROŹNIK,Śluby,1945,2012
POWROŹNIK,POWROŹNIK,Zgony,1946,2012
PRZECZYCA,PRZECZYCA,Chrzty,1826,2010
PRZECZYCA,PRZECZYCA,Śluby,1826,2010
PRZECZYCA,PRZECZYCA,Zgony,1826,2010
PRZECŁAW,PRZECŁAW,Chrzty,1667,2014
PRZECŁAW,PRZECŁAW,Śluby,1661,2014
PRZECŁAW,PRZECŁAW,Zgony,1790,2014
PRZYBORÓW,PRZYBORÓW,Chrzty,1989,2009
PRZYBORÓW,PRZYBORÓW,Śluby,1989,2009
PRZYBORÓW,PRZYBORÓW,Zgony,1989,2009
PRZYBYSŁAWICE,PRZYBYSŁAWICE,Chrzty,1985,2014
PRZYBYSŁAWICE,PRZYBYSŁAWICE,Śluby,1985,2014
PRZYBYSŁAWICE,PRZYBYSŁAWICE,Zgony,1985,2014
PRZYDONICA,PRZYDONICA,Chrzty,1900,2010
PRZYDONICA,PRZYDONICA,Śluby,1906,2010
PRZYDONICA,PRZYDONICA,Zgony,1900,2010
PRZYSIETNICA,PRZYSIETNICA,Chrzty,1969,2014
PRZYSIETNICA,PRZYSIETNICA,Śluby,1964,2014
PRZYSIETNICA,PRZYSIETNICA,Zgony,1964,2014
PRZYSZOWA,PRZYSZOWA,Chrzty,1800,2014
PRZYSZOWA,PRZYSZOWA,Śluby,1800,2014
PRZYSZOWA,PRZYSZOWA,Zgony,1800,2014
PUSTKÓW św. Józefa,PUSTKÓW św. Józefa,Chrzty,1980,2014
PUSTKÓW św. Józefa,PUSTKÓW św. Józefa,Śluby,1980,2014
PUSTKÓW św. Józefa,PUSTKÓW św. Józefa,Zgony,1980,2014
PUSTKÓW – OSIEDLE,PUSTKÓW – OSIEDLE,Chrzty,1971,1994
PUSTKÓW – OSIEDLE,PUSTKÓW – OSIEDLE,Śluby,1971,1994
PUSTKÓW – OSIEDLE,PUSTKÓW – OSIEDLE,Zgony,1971,1994
PUSTYNIA,PUSTYNIA,Chrzty,1946,2008
PUSTYNIA,PUSTYNIA,Śluby,1946,2010
PUSTYNIA,PUSTYNIA,Zgony,1946,2008
RADGOSZCZ – KRZYWDA pw. NMPW Wiernych,RADGOSZCZ – KRZYWDA pw. NMPW Wiernych,Chrzty,1984,2014
RADGOSZCZ – KRZYWDA pw. NMPW Wiernych,RADGOSZCZ – KRZYWDA pw. NMPW Wiernych,Śluby,1984,2014
RADGOSZCZ – KRZYWDA pw. NMPW Wiernych,RADGOSZCZ – KRZYWDA pw. NMPW Wiernych,Zgony,1984,2014
"RADGOSZCZ, św. Kazimierza","RADGOSZCZ, św. Kazimierza",Chrzty,1812,2014
"RADGOSZCZ, św. Kazimierza","RADGOSZCZ, św. Kazimierza",Śluby,1812,2014
"RADGOSZCZ, św. Kazimierza","RADGOSZCZ, św. Kazimierza",Zgony,1812,2014
RADOMYŚL WIELKI,RADOMYŚL WIELKI,Chrzty,1813,2013
RADOMYŚL WIELKI,RADOMYŚL WIELKI,Śluby,1810,2013
RADOMYŚL WIELKI,RADOMYŚL WIELKI,Zgony,1810,2013
RADŁÓW,RADŁÓW,Chrzty,1784,2014
RADŁÓW,RADŁÓW,Śluby,1784,2014
RADŁÓW,RADŁÓW,Zgony,1784,2014
RAJBROT,RAJBROT,Chrzty,1799,2014
RAJBROT,RAJBROT,Śluby,1799,2014
RAJBROT,RAJBROT,Zgony,1799,2014
ROPA,ROPA,Chrzty,1826,2014
ROPA,ROPA,Śluby,1826,2014
ROPA,ROPA,Zgony,1826,2014
ROŻNÓW,ROŻNÓW,Chrzty,1784,2013
ROŻNÓW,ROŻNÓW,Śluby,1774,2013
ROŻNÓW,ROŻNÓW,Zgony,1774,2013
RUDA,RUDA,Chrzty,1946,2013
RUDA,RUDA,Śluby,1946,2013
RUDA,RUDA,Zgony,1946,2013
RUDKA,RUDKA,Chrzty,1900,2010
RUDKA,RUDKA,Śluby,1900,2010
RUDKA,RUDKA,Zgony,1900,2010
RUDY RYSIE,RUDY RYSIE,Chrzty,1890,1966
RUDY RYSIE,RUDY RYSIE,Śluby,1890,1966
RUDY RYSIE,RUDY RYSIE,Zgony,1890,1966
RYGLICE,RYGLICE,Chrzty,1795,2013
RYGLICE,RYGLICE,Śluby,1795,2013
RYGLICE,RYGLICE,Zgony,1795,2013
RYTRO,RYTRO,Chrzty,1870,2013
RYTRO,RYTRO,Śluby,1870,2013
RYTRO,RYTRO,Zgony,1870,2013
RZEPIENNIK BISKUPI,RZEPIENNIK BISKUPI,Chrzty,1826,2014
RZEPIENNIK BISKUPI,RZEPIENNIK BISKUPI,Śluby,1826,2014
RZEPIENNIK BISKUPI,RZEPIENNIK BISKUPI,Zgony,1826,2014
RZEPIENNIK STRZYŻEWSKI,RZEPIENNIK STRZYŻEWSKI,Chrzty,1972,2014
RZEPIENNIK STRZYŻEWSKI,RZEPIENNIK STRZYŻEWSKI,Śluby,1972,2014
RZEPIENNIK STRZYŻEWSKI,RZEPIENNIK STRZYŻEWSKI,Zgony,1972,2014
RZEPIENNIK SUCHY,RZEPIENNIK SUCHY,Chrzty,1807,2012
RZEPIENNIK SUCHY,RZEPIENNIK SUCHY,Śluby,1807,2014
RZEPIENNIK SUCHY,RZEPIENNIK SUCHY,Zgony,1807,2014
RZUCHOWA,RZUCHOWA,Chrzty,1981,2014
RZUCHOWA,RZUCHOWA,Śluby,1981,2014
RZUCHOWA,RZUCHOWA,Zgony,1980,2014
RZĘDZIANOWICE,RZĘDZIANOWICE,Chrzty,1890,2014
RZĘDZIANOWICE,RZĘDZIANOWICE,Śluby,1946,2014
RZĘDZIANOWICE,RZĘDZIANOWICE,Zgony,1890,2014
RÓŻA,RÓŻA,Chrzty,1981,2014
RÓŻA,RÓŻA,Śluby,1981,2014
RÓŻA,RÓŻA,Zgony,1981,2014
SAMOCICE,SAMOCICE,Chrzty,1870,2012
SAMOCICE,SAMOCICE,Śluby,1900,2011
SAMOCICE,SAMOCICE,Zgony,1870,2011
SIEDLCE,SIEDLCE,Chrzty,1800,2010
SIEDLCE,SIEDLCE,Śluby,1800,2003
SIEDLCE,SIEDLCE,Zgony,1800,2003
SIEDLEC,SIEDLEC,Chrzty,1989,2010
SIEDLEC,SIEDLEC,Śluby,1989,2010
SIEDLEC,SIEDLEC,Zgony,1989,2010
SIEDLISKA BOGUSZ,SIEDLISKA BOGUSZ,Chrzty,1816,2014
SIEDLISKA BOGUSZ,SIEDLISKA BOGUSZ,Śluby,1816,2014
SIEDLISKA BOGUSZ,SIEDLISKA BOGUSZ,Zgony,1816,2014
SIEDLISKA k. BOBOWEJ,SIEDLISKA k. BOBOWEJ,Chrzty,1826,2014
SIEDLISKA k. BOBOWEJ,SIEDLISKA k. BOBOWEJ,Śluby,1826,2014
SIEDLISKA k. BOBOWEJ,SIEDLISKA k. BOBOWEJ,Zgony,1826,2014
SIEDLISKA TUCHOWSKIE,SIEDLISKA TUCHOWSKIE,Chrzty,1946,2013
SIEDLISKA TUCHOWSKIE,SIEDLISKA TUCHOWSKIE,Śluby,1946,2013
SIEDLISKA TUCHOWSKIE,SIEDLISKA TUCHOWSKIE,Zgony,1946,2013
SIEDLISZOWICE,SIEDLISZOWICE,Chrzty,1984,2014
SIEDLISZOWICE,SIEDLISZOWICE,Śluby,1984,2014
SIEDLISZOWICE,SIEDLISZOWICE,Zgony,1984,2014
SIEKIERCZYNA,SIEKIERCZYNA,Chrzty,1957,2013
SIEKIERCZYNA,SIEKIERCZYNA,Śluby,1957,2013
SIEKIERCZYNA,SIEKIERCZYNA,Zgony,1957,2013
SIEMIECHÓW,SIEMIECHÓW,Chrzty,1797,2014
SIEMIECHÓW,SIEMIECHÓW,Śluby,1789,2014
SIEMIECHÓW,SIEMIECHÓW,Zgony,1797,2014
SIENNA,SIENNA,Chrzty,1951,2014
SIENNA,SIENNA,Śluby,1946,2014
SIENNA,SIENNA,Zgony,1945,2014
SKRZYDLNA,SKRZYDLNA,Chrzty,1803,2014
SKRZYDLNA,SKRZYDLNA,Śluby,1803,2014
SKRZYDLNA,SKRZYDLNA,Zgony,1796,2014
SKRZYSZÓW,SKRZYSZÓW,Chrzty,1800,2014
SKRZYSZÓW,SKRZYSZÓW,Śluby,1802,2014
SKRZYSZÓW,SKRZYSZÓW,Zgony,1802,2014
SKRZYSZÓW k. LUBZINY,SKRZYSZÓW k. LUBZINY,Chrzty,1984,2012
SKRZYSZÓW k. LUBZINY,SKRZYSZÓW k. LUBZINY,Śluby,1984,2012
SKRZYSZÓW k. LUBZINY,SKRZYSZÓW k. LUBZINY,Zgony,1870,2012
SMĘGORZÓW,SMĘGORZÓW,Chrzty,1946,2002
SMĘGORZÓW,SMĘGORZÓW,Śluby,1946,1994
SMĘGORZÓW,SMĘGORZÓW,Zgony,1946,2013
SOBOLÓW,SOBOLÓW,Chrzty,1820,2013
SOBOLÓW,SOBOLÓW,Śluby,1820,2013
SOBOLÓW,SOBOLÓW,Zgony,1820,1996
SROMOWCE NIŻNE,SROMOWCE NIŻNE,Chrzty,1898,2014
SROMOWCE NIŻNE,SROMOWCE NIŻNE,Śluby,1900,2014
SROMOWCE NIŻNE,SROMOWCE NIŻNE,Zgony,1900,2014
STARA JASTRZĄBKA,STARA JASTRZĄBKA,Chrzty,1776,2014
STARA JASTRZĄBKA,STARA JASTRZĄBKA,Śluby,1785,2014
STARA JASTRZĄBKA,STARA JASTRZĄBKA,Zgony,1784,2014
STARA WIEŚ,STARA WIEŚ,Chrzty,1987,2013
STARA WIEŚ,STARA WIEŚ,Śluby,1987,2013
STARA WIEŚ,STARA WIEŚ,Zgony,1987,2013
STARE ŻUKOWICE,STARE ŻUKOWICE,Chrzty,1958,2013
STARE ŻUKOWICE,STARE ŻUKOWICE,Śluby,1958,2013
STARE ŻUKOWICE,STARE ŻUKOWICE,Zgony,1958,2013
STARY SĄCZ,STARY SĄCZ,Chrzty,1830,2014
STARY SĄCZ,STARY SĄCZ,Śluby,1830,2014
STARY SĄCZ,STARY SĄCZ,Zgony,1830,2014
"STARY SĄCZ, Miłosierdzia Bożego","STARY SĄCZ, Miłosierdzia Bożego",Chrzty,2005,2014
"STARY SĄCZ, Miłosierdzia Bożego","STARY SĄCZ, Miłosierdzia Bożego",Śluby,2005,2014
"STARY SĄCZ, Miłosierdzia Bożego","STARY SĄCZ, Miłosierdzia Bożego",Zgony,2005,2014
STARY WIŚNICZ,STARY WIŚNICZ,Chrzty,1813,2014
STARY WIŚNICZ,STARY WIŚNICZ,Śluby,1813,2014
STARY WIŚNICZ,STARY WIŚNICZ,Zgony,1802,2014
STASIÓWKA,STASIÓWKA,Chrzty,1971,2014
STASIÓWKA,STASIÓWKA,Śluby,1971,2014
STASIÓWKA,STASIÓWKA,Zgony,1971,2014
STASZKÓWKA,STASZKÓWKA,Chrzty,1595,2014
STASZKÓWKA,STASZKÓWKA,Śluby,1657,2014
STASZKÓWKA,STASZKÓWKA,Zgony,1657,2014
STRZELCE WIELKIE,STRZELCE WIELKIE,Chrzty,1811,1880
STRZELCE WIELKIE,STRZELCE WIELKIE,Śluby,1804,1996
STRZELCE WIELKIE,STRZELCE WIELKIE,Zgony,1804,1996
STRÓŻA (Dek. Tymbark),STRÓŻA (Dek. Tymbark),Chrzty,1969,2014
STRÓŻA (Dek. Tymbark),STRÓŻA (Dek. Tymbark),Śluby,1969,2013
STRÓŻA (Dek. Tymbark),STRÓŻA (Dek. Tymbark),Zgony,1969,2014
STRÓŻE,STRÓŻE,Chrzty,1945,2014
STRÓŻE,STRÓŻE,Śluby,1945,2014
STRÓŻE,STRÓŻE,Zgony,1945,2014
STRÓŻNA,STRÓŻNA,Chrzty,1986,2011
STRÓŻNA,STRÓŻNA,Śluby,1973,2011
STRÓŻNA,STRÓŻNA,Zgony,1986,2011
SUFCZYN,SUFCZYN,Chrzty,1982,1995
SUFCZYN,SUFCZYN,Śluby,1982,1995
SUFCZYN,SUFCZYN,Zgony,1982,1995
SWOSZOWA,SWOSZOWA,Chrzty,1983,1996
SWOSZOWA,SWOSZOWA,Śluby,1983,1996
SWOSZOWA,SWOSZOWA,Zgony,1983,1996
SZALOWA,SZALOWA,Chrzty,1826,2012
SZALOWA,SZALOWA,Śluby,1826,2012
SZALOWA,SZALOWA,Zgony,1826,2012
SZARWARK,SZARWARK,Chrzty,1870,2014
SZARWARK,SZARWARK,Śluby,1870,2014
SZARWARK,SZARWARK,Zgony,1870,2014
SZCZAWA,SZCZAWA,Chrzty,1920,2014
SZCZAWA,SZCZAWA,Śluby,1957,2014
SZCZAWA,SZCZAWA,Zgony,1957,2014
SZCZAWNICA,SZCZAWNICA,Chrzty,1814,2014
SZCZAWNICA,SZCZAWNICA,Śluby,1814,2014
SZCZAWNICA,SZCZAWNICA,Zgony,1814,2014
SZCZEPANOWICE,SZCZEPANOWICE,Chrzty,1808,2014
SZCZEPANOWICE,SZCZEPANOWICE,Śluby,1809,2014
SZCZEPANOWICE,SZCZEPANOWICE,Zgony,1809,2014
SZCZEPANÓW,SZCZEPANÓW,Chrzty,1797,2007
SZCZEPANÓW,SZCZEPANÓW,Śluby,1797,1990
SZCZEPANÓW,SZCZEPANÓW,Zgony,1797,1962
SZCZUCIN,SZCZUCIN,Chrzty,1800,2014
SZCZUCIN,SZCZUCIN,Śluby,1800,2014
SZCZUCIN,SZCZUCIN,Zgony,1800,2014
SZCZUROWA,SZCZUROWA,Chrzty,1785,2014
SZCZUROWA,SZCZUROWA,Śluby,1783,2014
SZCZUROWA,SZCZUROWA,Zgony,1785,2014
SZCZYRZYC,SZCZYRZYC,Chrzty,1786,2014
SZCZYRZYC,SZCZYRZYC,Śluby,1786,2014
SZCZYRZYC,SZCZYRZYC,Zgony,1786,2014
SZERZYNY,SZERZYNY,Chrzty,1826,2014
SZERZYNY,SZERZYNY,Śluby,1826,2014
SZERZYNY,SZERZYNY,Zgony,1826,2014
SZLACHTOWA,SZLACHTOWA,Chrzty,1946,2014
SZLACHTOWA,SZLACHTOWA,Śluby,1946,2014
SZLACHTOWA,SZLACHTOWA,Zgony,1946,2014
SZYK,SZYK,Chrzty,1783,2013
SZYK,SZYK,Śluby,1783,2013
SZYK,SZYK,Zgony,1783,2014
SZYMBARK,SZYMBARK,Chrzty,1826,2011
SZYMBARK,SZYMBARK,Śluby,1826,2011
SZYMBARK,SZYMBARK,Zgony,1826,2011
SZYNWAŁD,SZYNWAŁD,Chrzty,1790,2010
SZYNWAŁD,SZYNWAŁD,Śluby,1790,2010
SZYNWAŁD,SZYNWAŁD,Zgony,1790,2010
SŁOPNICE,SŁOPNICE,Chrzty,1808,2014
SŁOPNICE,SŁOPNICE,Śluby,1808,2014
SŁOPNICE,SŁOPNICE,Zgony,1808,2014
SŁOPNICE GÓRNE,SŁOPNICE GÓRNE,Chrzty,1973,2014
SŁOPNICE GÓRNE,SŁOPNICE GÓRNE,Śluby,1973,2014
SŁOPNICE GÓRNE,SŁOPNICE GÓRNE,Zgony,1973,2014
SŁOTOWA,SŁOTOWA,Chrzty,1981,2011
SŁOTOWA,SŁOTOWA,Śluby,1981,2011
SŁOTOWA,SŁOTOWA,Zgony,1981,2011
SŁUPIEC,SŁUPIEC,Chrzty,1808,2012
SŁUPIEC,SŁUPIEC,Śluby,1808,2012
SŁUPIEC,SŁUPIEC,Zgony,1808,2012
TABASZOWA,TABASZOWA,Chrzty,1990,2014
TABASZOWA,TABASZOWA,Śluby,1991,2014
TABASZOWA,TABASZOWA,Zgony,1989,2014
TARNOWIEC,TARNOWIEC,Chrzty,1972,2011
TARNOWIEC,TARNOWIEC,Śluby,1946,2011
TARNOWIEC,TARNOWIEC,Zgony,1972,2011
TARNÓW – KATEDRA,TARNÓW – KATEDRA,Chrzty,1579,2014
TARNÓW – KATEDRA,TARNÓW – KATEDRA,Śluby,1630,2014
TARNÓW – KATEDRA,TARNÓW – KATEDRA,Zgony,1790,2014
TARNÓW – KLIKOWA,TARNÓW – KLIKOWA,Chrzty,1890,2014
TARNÓW – KLIKOWA,TARNÓW – KLIKOWA,Śluby,1881,2014
TARNÓW – KLIKOWA,TARNÓW – KLIKOWA,Zgony,1890,2014
TARNÓW – KRZYŻ,TARNÓW – KRZYŻ,Chrzty,1890,2014
TARNÓW – KRZYŻ,TARNÓW – KRZYŻ,Śluby,1922,2014
TARNÓW – KRZYŻ,TARNÓW – KRZYŻ,Zgony,1945,2014
TARNÓW – MOŚCICE,TARNÓW – MOŚCICE,Chrzty,1904,2014
TARNÓW – MOŚCICE,TARNÓW – MOŚCICE,Śluby,1900,2014
TARNÓW – MOŚCICE,TARNÓW – MOŚCICE,Zgony,1938,2014
TARNÓW – TERLIKÓWKA,TARNÓW – TERLIKÓWKA,Chrzty,1994,2014
TARNÓW – TERLIKÓWKA,TARNÓW – TERLIKÓWKA,Śluby,1995,2014
TARNÓW – TERLIKÓWKA,TARNÓW – TERLIKÓWKA,Zgony,1994,2014
"TARNÓW, Bł. Karoliny","TARNÓW, Bł. Karoliny",Chrzty,1993,2013
"TARNÓW, Bł. Karoliny","TARNÓW, Bł. Karoliny",Śluby,1993,2013
"TARNÓW, Bł. Karoliny","TARNÓW, Bł. Karoliny",Zgony,1994,2013
"TARNÓW, Dobrego Pasterza","TARNÓW, Dobrego Pasterza",Chrzty,1992,2013
"TARNÓW, Dobrego Pasterza","TARNÓW, Dobrego Pasterza",Śluby,1992,2013
"TARNÓW, Dobrego Pasterza","TARNÓW, Dobrego Pasterza",Zgony,1992,2013
"TARNÓW, MB Szkaplerznej","TARNÓW, MB Szkaplerznej",Chrzty,1880,2014
"TARNÓW, MB Szkaplerznej","TARNÓW, MB Szkaplerznej",Śluby,1976,2014
"TARNÓW, MB Szkaplerznej","TARNÓW, MB Szkaplerznej",Zgony,1950,2014
"TARNÓW, Miłosierdzia Bożego","TARNÓW, Miłosierdzia Bożego",Chrzty,1983,2014
"TARNÓW, Miłosierdzia Bożego","TARNÓW, Miłosierdzia Bożego",Śluby,1983,2014
"TARNÓW, Miłosierdzia Bożego","TARNÓW, Miłosierdzia Bożego",Zgony,1983,2014
"TARNÓW, NSPJ","TARNÓW, NSPJ",Chrzty,1950,2014
"TARNÓW, NSPJ","TARNÓW, NSPJ",Śluby,1950,2014
"TARNÓW, NSPJ","TARNÓW, NSPJ",Zgony,1950,2014
"TARNÓW, Św. Józefa i MB Fatimskiej","TARNÓW, Św. Józefa i MB Fatimskiej",Chrzty,1951,2014
"TARNÓW, Św. Józefa i MB Fatimskiej","TARNÓW, Św. Józefa i MB Fatimskiej",Śluby,1951,2014
"TARNÓW, Św. Józefa i MB Fatimskiej","TARNÓW, Św. Józefa i MB Fatimskiej",Zgony,1951,2014
"TARNÓW, Św. Krzyża i św. Filipa Neri","TARNÓW, Św. Krzyża i św. Filipa Neri",Chrzty,1998,2014
"TARNÓW, Św. Krzyża i św. Filipa Neri","TARNÓW, Św. Krzyża i św. Filipa Neri",Śluby,1998,2014
"TARNÓW, Św. Krzyża i św. Filipa Neri","TARNÓW, Św. Krzyża i św. Filipa Neri",Zgony,1998,2014
"TARNÓW, Św. Maksymiliana","TARNÓW, Św. Maksymiliana",Chrzty,1976,2014
"TARNÓW, Św. Maksymiliana","TARNÓW, Św. Maksymiliana",Śluby,1976,2014
"TARNÓW, Św. Maksymiliana","TARNÓW, Św. Maksymiliana",Zgony,1976,2014
"TARNÓW, Św. Rodziny","TARNÓW, Św. Rodziny",Chrzty,1946,2010
"TARNÓW, Św. Rodziny","TARNÓW, Św. Rodziny",Śluby,1946,2010
"TARNÓW, Św. Rodziny","TARNÓW, Św. Rodziny",Zgony,1946,2010
"TARNÓW, Św. Stanisława Kostki","TARNÓW, Św. Stanisława Kostki",Chrzty,1972,2014
"TARNÓW, Św. Stanisława Kostki","TARNÓW, Św. Stanisława Kostki",Śluby,1972,2014
"TARNÓW, Św. Stanisława Kostki","TARNÓW, Św. Stanisława Kostki",Zgony,1972,2014
TROPIE,TROPIE,Chrzty,1801,2013
TROPIE,TROPIE,Śluby,1801,2013
TROPIE,TROPIE,Zgony,1801,2013
TRZCIANA k. BOCHNI,TRZCIANA k. BOCHNI,Chrzty,1820,2014
TRZCIANA k. BOCHNI,TRZCIANA k. BOCHNI,Śluby,1820,2014
TRZCIANA k. BOCHNI,TRZCIANA k. BOCHNI,Zgony,1820,2014
TRZCIANA k. MIELCA,TRZCIANA k. MIELCA,Chrzty,1950,2013
TRZCIANA k. MIELCA,TRZCIANA k. MIELCA,Śluby,1950,2013
TRZCIANA k. MIELCA,TRZCIANA k. MIELCA,Zgony,1950,2013
TRZEMESNA,TRZEMESNA,Chrzty,1924,2009
TRZEMESNA,TRZEMESNA,Śluby,1922,2009
TRZEMESNA,TRZEMESNA,Zgony,1917,2009
TRZETRZEWINA,TRZETRZEWINA,Chrzty,1956,2014
TRZETRZEWINA,TRZETRZEWINA,Śluby,1956,2014
TRZETRZEWINA,TRZETRZEWINA,Zgony,1956,2014
TRZEŚŃ,TRZEŚŃ,Chrzty,1982,2009
TRZEŚŃ,TRZEŚŃ,Śluby,1982,2009
TRZEŚŃ,TRZEŚŃ,Zgony,1982,2009
"TUCHÓW, N.M.P.","TUCHÓW, N.M.P.",Chrzty,1946,2014
"TUCHÓW, N.M.P.","TUCHÓW, N.M.P.",Śluby,1946,2014
"TUCHÓW, N.M.P.","TUCHÓW, N.M.P.",Zgony,1946,2014
"TUCHÓW, św. Jakuba","TUCHÓW, św. Jakuba",Chrzty,1800,2014
"TUCHÓW, św. Jakuba","TUCHÓW, św. Jakuba",Śluby,1800,2014
"TUCHÓW, św. Jakuba","TUCHÓW, św. Jakuba",Zgony,1800,2014
TURZA,TURZA,Chrzty,1825,2014
TURZA,TURZA,Śluby,1825,2014
TURZA,TURZA,Zgony,1825,2014
TWORKOWA,TWORKOWA,Chrzty,2006,2008
TWORKOWA,TWORKOWA,Śluby,2006,2008
TWORKOWA,TWORKOWA,Zgony,2006,2008
TYLICZ,TYLICZ,Chrzty,1822,2014
TYLICZ,TYLICZ,Śluby,1822,2014
TYLICZ,TYLICZ,Zgony,1822,2014
TYLMANOWA,TYLMANOWA,Chrzty,1798,2014
TYLMANOWA,TYLMANOWA,Śluby,1798,2014
TYLMANOWA,TYLMANOWA,Zgony,1798,2014
TYMBARK,TYMBARK,Chrzty,1786,2014
TYMBARK,TYMBARK,Śluby,1786,2014
TYMBARK,TYMBARK,Zgony,1786,2014
TYMOWA,TYMOWA,Chrzty,1607,2014
TYMOWA,TYMOWA,Śluby,1607,2014
TYMOWA,TYMOWA,Zgony,1607,2014
TĘGOBORZE,TĘGOBORZE,Chrzty,1797,2014
TĘGOBORZE,TĘGOBORZE,Śluby,1797,2014
TĘGOBORZE,TĘGOBORZE,Zgony,1797,2014
UJANOWICE,UJANOWICE,Chrzty,1764,2012
UJANOWICE,UJANOWICE,Śluby,1800,2012
UJANOWICE,UJANOWICE,Zgony,1800,2012
USZEW,USZEW,Chrzty,1793,2014
USZEW,USZEW,Śluby,1793,2014
USZEW,USZEW,Zgony,1793,2014
UŚCIE GORLICKIE,UŚCIE GORLICKIE,Chrzty,1951,2014
UŚCIE GORLICKIE,UŚCIE GORLICKIE,Śluby,1951,2014
UŚCIE GORLICKIE,UŚCIE GORLICKIE,Zgony,1951,2014
UŚCIE SOLNE,UŚCIE SOLNE,Chrzty,1805,2011
UŚCIE SOLNE,UŚCIE SOLNE,Śluby,1829,2011
UŚCIE SOLNE,UŚCIE SOLNE,Zgony,1805,2011
WADOWICE DOLNE,WADOWICE DOLNE,Chrzty,1945,2014
WADOWICE DOLNE,WADOWICE DOLNE,Śluby,1945,2014
WADOWICE DOLNE,WADOWICE DOLNE,Zgony,1945,2014
WADOWICE GÓRNE,WADOWICE GÓRNE,Chrzty,1777,2014
WADOWICE GÓRNE,WADOWICE GÓRNE,Śluby,1777,2014
WADOWICE GÓRNE,WADOWICE GÓRNE,Zgony,1810,2014
WIELKA WIEŚ,WIELKA WIEŚ,Chrzty,1982,2014
WIELKA WIEŚ,WIELKA WIEŚ,Śluby,1982,2014
WIELKA WIEŚ,WIELKA WIEŚ,Zgony,1982,2014
WIELOGŁOWY,WIELOGŁOWY,Chrzty,1800,2014
WIELOGŁOWY,WIELOGŁOWY,Śluby,1800,2014
WIELOGŁOWY,WIELOGŁOWY,Zgony,1800,2014
WIERCHOMLA WIELKA,WIERCHOMLA WIELKA,Chrzty,1816,2014
WIERCHOMLA WIELKA,WIERCHOMLA WIELKA,Śluby,1948,2014
WIERCHOMLA WIELKA,WIERCHOMLA WIELKA,Zgony,1948,2014
WIERZCHOSŁAWICE,WIERZCHOSŁAWICE,Chrzty,1797,2014
WIERZCHOSŁAWICE,WIERZCHOSŁAWICE,Śluby,1797,2014
WIERZCHOSŁAWICE,WIERZCHOSŁAWICE,Zgony,1797,2014
WIETRZYCHOWICE,WIETRZYCHOWICE,Chrzty,1798,2014
WIETRZYCHOWICE,WIETRZYCHOWICE,Śluby,1798,2014
WIETRZYCHOWICE,WIETRZYCHOWICE,Zgony,1798,2014
WIEWIÓRKA,WIEWIÓRKA,Chrzty,1987,2014
WIEWIÓRKA,WIEWIÓRKA,Śluby,1987,2014
WIEWIÓRKA,WIEWIÓRKA,Zgony,1987,2014
WILCZYSKA,WILCZYSKA,Chrzty,1778,2013
WILCZYSKA,WILCZYSKA,Śluby,1778,2013
WILCZYSKA,WILCZYSKA,Zgony,1778,2013
WILKOWISKO,WILKOWISKO,Chrzty,1786,2014
WILKOWISKO,WILKOWISKO,Śluby,1786,2014
WILKOWISKO,WILKOWISKO,Zgony,1786,2013
WOJAKOWA,WOJAKOWA,Chrzty,1791,2014
WOJAKOWA,WOJAKOWA,Śluby,1791,2014
WOJAKOWA,WOJAKOWA,Zgony,1791,2014
WOJNAROWA,WOJNAROWA,Chrzty,2007,2013
WOJNAROWA,WOJNAROWA,Śluby,2007,2013
WOJNAROWA,WOJNAROWA,Zgony,2007,2013
WOJNICZ,WOJNICZ,Chrzty,1794,2014
WOJNICZ,WOJNICZ,Śluby,1794,2014
WOJNICZ,WOJNICZ,Zgony,1794,2014
WOLA MIELECKA,WOLA MIELECKA,Chrzty,2009,2014
WOLA MIELECKA,WOLA MIELECKA,Śluby,2009,2014
WOLA MIELECKA,WOLA MIELECKA,Zgony,2009,2014
WOLA MĘDRZECHOWSKA,WOLA MĘDRZECHOWSKA,Chrzty,1946,2009
WOLA MĘDRZECHOWSKA,WOLA MĘDRZECHOWSKA,Śluby,1946,2009
WOLA MĘDRZECHOWSKA,WOLA MĘDRZECHOWSKA,Zgony,1946,2009
WOLA PISKULINA,WOLA PISKULINA,Chrzty,1949,2014
WOLA PISKULINA,WOLA PISKULINA,Śluby,1949,2014
WOLA PISKULINA,WOLA PISKULINA,Zgony,1949,2014
WOLA PRZEMYKOWSKA,WOLA PRZEMYKOWSKA,Chrzty,1946,2014
WOLA PRZEMYKOWSKA,WOLA PRZEMYKOWSKA,Śluby,1946,2014
WOLA PRZEMYKOWSKA,WOLA PRZEMYKOWSKA,Zgony,1946,2014
WOLA RADŁOWSKA,WOLA RADŁOWSKA,Chrzty,1965,2014
WOLA RADŁOWSKA,WOLA RADŁOWSKA,Śluby,1966,2014
WOLA RADŁOWSKA,WOLA RADŁOWSKA,Zgony,1960,2014
WOLA RZĘDZIŃSKA,WOLA RZĘDZIŃSKA,Chrzty,1890,2013
WOLA RZĘDZIŃSKA,WOLA RZĘDZIŃSKA,Śluby,1890,2013
WOLA RZĘDZIŃSKA,WOLA RZĘDZIŃSKA,Zgony,1890,2013
"WOLA RZĘDZIŃSKA, Miłosierdzia Bożego","WOLA RZĘDZIŃSKA, Miłosierdzia Bożego",Chrzty,1996,2012
"WOLA RZĘDZIŃSKA, Miłosierdzia Bożego","WOLA RZĘDZIŃSKA, Miłosierdzia Bożego",Śluby,1996,2012
"WOLA RZĘDZIŃSKA, Miłosierdzia Bożego","WOLA RZĘDZIŃSKA, Miłosierdzia Bożego",Zgony,1996,2012
WOLA ŁUŻAŃSKA,WOLA ŁUŻAŃSKA,Chrzty,1966,2010
WOLA ŁUŻAŃSKA,WOLA ŁUŻAŃSKA,Śluby,1967,2010
WOLA ŁUŻAŃSKA,WOLA ŁUŻAŃSKA,Zgony,1968,2010
WYSOWA,WYSOWA,Chrzty,1946,2005
WYSOWA,WYSOWA,Śluby,1947,2011
WYSOWA,WYSOWA,Zgony,1948,2011
ZABAWA,ZABAWA,Chrzty,1946,2013
ZABAWA,ZABAWA,Śluby,1946,2013
ZABAWA,ZABAWA,Zgony,1946,2013
ZABORÓW,ZABORÓW,Chrzty,1798,2014
ZABORÓW,ZABORÓW,Śluby,1798,2014
ZABORÓW,ZABORÓW,Zgony,1778,2014
ZABRNIE,ZABRNIE,Chrzty,1976,2011
ZABRNIE,ZABRNIE,Śluby,1981,2011
ZABRNIE,ZABRNIE,Zgony,1981,2011
ZABRZEŻ,ZABRZEŻ,Chrzty,1982,2014
ZABRZEŻ,ZABRZEŻ,Śluby,1982,2014
ZABRZEŻ,ZABRZEŻ,Zgony,1982,2014
ZACZARNIE,ZACZARNIE,Chrzty,1981,2014
ZACZARNIE,ZACZARNIE,Śluby,1981,2014
ZACZARNIE,ZACZARNIE,Zgony,1981,2014
ZAGÓRZANY,ZAGÓRZANY,Chrzty,1826,2014
ZAGÓRZANY,ZAGÓRZANY,Śluby,1826,2014
ZAGÓRZANY,ZAGÓRZANY,Zgony,1826,2014
ZAKLICZYN,ZAKLICZYN,Chrzty,1793,2014
ZAKLICZYN,ZAKLICZYN,Śluby,1793,2014
ZAKLICZYN,ZAKLICZYN,Zgony,1793,2014
ZALASOWA,ZALASOWA,Chrzty,1774,2013
ZALASOWA,ZALASOWA,Śluby,1774,2013
ZALASOWA,ZALASOWA,Zgony,1785,2013
ZALESIE,ZALESIE,Chrzty,1973,2013
ZALESIE,ZALESIE,Śluby,1974,2013
ZALESIE,ZALESIE,Zgony,1974,2013
ZALIPIE,ZALIPIE,Chrzty,1945,2013
ZALIPIE,ZALIPIE,Śluby,1945,2011
ZALIPIE,ZALIPIE,Zgony,1945,2014
ZASÓW,ZASÓW,Chrzty,1802,2014
ZASÓW,ZASÓW,Śluby,1802,2014
ZASÓW,ZASÓW,Zgony,1784,2014
ZAWADA k. DĘBICY,ZAWADA k. DĘBICY,Chrzty,1821,2012
ZAWADA k. DĘBICY,ZAWADA k. DĘBICY,Śluby,1821,2013
ZAWADA k. DĘBICY,ZAWADA k. DĘBICY,Zgony,1821,2013
ZAWADA k. TARNOWA,ZAWADA k. TARNOWA,Chrzty,1969,2010
ZAWADA k. TARNOWA,ZAWADA k. TARNOWA,Śluby,1946,2010
ZAWADA k. TARNOWA,ZAWADA k. TARNOWA,Zgony,1969,2010
ZBOROWICE,ZBOROWICE,Chrzty,1826,2011
ZBOROWICE,ZBOROWICE,Śluby,1826,2011
ZBOROWICE,ZBOROWICE,Zgony,1826,2011
ZBYLITOWSKA GÓRA,ZBYLITOWSKA GÓRA,Chrzty,1800,2014
ZBYLITOWSKA GÓRA,ZBYLITOWSKA GÓRA,Śluby,1800,2014
ZBYLITOWSKA GÓRA,ZBYLITOWSKA GÓRA,Zgony,1800,2014
ZBYSZYCE,ZBYSZYCE,Chrzty,1786,2014
ZBYSZYCE,ZBYSZYCE,Śluby,1787,2014
ZBYSZYCE,ZBYSZYCE,Zgony,1786,2014
ZDROCHEC,ZDROCHEC,Chrzty,1886,2011
ZDROCHEC,ZDROCHEC,Śluby,1886,2011
ZDROCHEC,ZDROCHEC,Zgony,1886,2011
ZDZIARZEC,ZDZIARZEC,Chrzty,1806,2013
ZDZIARZEC,ZDZIARZEC,Śluby,1806,2013
ZDZIARZEC,ZDZIARZEC,Zgony,1806,2013
ZGÓRSKO,ZGÓRSKO,Chrzty,1799,2014
ZGÓRSKO,ZGÓRSKO,Śluby,1807,2014
ZGÓRSKO,ZGÓRSKO,Zgony,1799,2014
ZGŁOBICE,ZGŁOBICE,Chrzty,1988,2014
ZGŁOBICE,ZGŁOBICE,Śluby,1990,2014
ZGŁOBICE,ZGŁOBICE,Zgony,1989,2014
ZIEMPNIÓW,ZIEMPNIÓW,Chrzty,1970,2014
ZIEMPNIÓW,ZIEMPNIÓW,Śluby,1970,2014
ZIEMPNIÓW,ZIEMPNIÓW,Zgony,1970,2014
ZWIERNIK,ZWIERNIK,Chrzty,1799,2011
ZWIERNIK,ZWIERNIK,Śluby,1808,2011
ZWIERNIK,ZWIERNIK,Zgony,1808,2011
ZŁOCKIE,ZŁOCKIE,Chrzty,1946,2014
ZŁOCKIE,ZŁOCKIE,Śluby,1946,2014
ZŁOCKIE,ZŁOCKIE,Zgony,1946,2014
ZŁOTA,ZŁOTA,Chrzty,1791,2014
ZŁOTA,ZŁOTA,Śluby,1791,2014
ZŁOTA,ZŁOTA,Zgony,1791,2014
ŁABOWA,ŁABOWA,Chrzty,1936,2013
ŁABOWA,ŁABOWA,Śluby,1936,2013
ŁABOWA,ŁABOWA,Zgony,1936,2013
ŁADNA,ŁADNA,Chrzty,1989,2014
ŁADNA,ŁADNA,Śluby,1990,2014
ŁADNA,ŁADNA,Zgony,1990,2014
ŁAPCZYCA,ŁAPCZYCA,Chrzty,1807,2014
ŁAPCZYCA,ŁAPCZYCA,Śluby,1807,2014
ŁAPCZYCA,ŁAPCZYCA,Zgony,1807,2014
ŁOMNICA ZDRÓJ,ŁOMNICA ZDRÓJ,Chrzty,1946,2014
ŁOMNICA ZDRÓJ,ŁOMNICA ZDRÓJ,Śluby,1946,2014
ŁOMNICA ZDRÓJ,ŁOMNICA ZDRÓJ,Zgony,1946,2014
ŁONIOWA,ŁONIOWA,Chrzty,2000,2014
ŁONIOWA,ŁONIOWA,Śluby,2000,2014
ŁONIOWA,ŁONIOWA,Zgony,2000,2014
ŁOSIE,ŁOSIE,Chrzty,1947,2011
ŁOSIE,ŁOSIE,Śluby,1947,2011
ŁOSIE,ŁOSIE,Zgony,1947,2011
ŁOSOSINA DOLNA,ŁOSOSINA DOLNA,Chrzty,1800,2011
ŁOSOSINA DOLNA,ŁOSOSINA DOLNA,Śluby,1800,2011
ŁOSOSINA DOLNA,ŁOSOSINA DOLNA,Zgony,1800,2011
ŁOSOSINA GÓRNA,ŁOSOSINA GÓRNA,Chrzty,1808,2015
ŁOSOSINA GÓRNA,ŁOSOSINA GÓRNA,Śluby,1808,2015
ŁOSOSINA GÓRNA,ŁOSOSINA GÓRNA,Zgony,1808,2015
ŁUKOWA,ŁUKOWA,Chrzty,1946,2014
ŁUKOWA,ŁUKOWA,Śluby,1946,2014
ŁUKOWA,ŁUKOWA,Zgony,1946,2014
ŁUKOWICA,ŁUKOWICA,Chrzty,1797,2013
ŁUKOWICA,ŁUKOWICA,Śluby,1797,2013
ŁUKOWICA,ŁUKOWICA,Zgony,1797,2013
ŁUŻNA,ŁUŻNA,Chrzty,1826,2014
ŁUŻNA,ŁUŻNA,Śluby,1826,2014
ŁUŻNA,ŁUŻNA,Zgony,1826,2014
ŁYSA GÓRA,ŁYSA GÓRA,Chrzty,1870,2014
ŁYSA GÓRA,ŁYSA GÓRA,Śluby,1870,2014
ŁYSA GÓRA,ŁYSA GÓRA,Zgony,1870,2014
ŁĄCKO,ŁĄCKO,Chrzty,1803,2014
ŁĄCKO,ŁĄCKO,Śluby,1786,2014
ŁĄCKO,ŁĄCKO,Zgony,1803,2014
ŁĄCZKI BRZESKIE,ŁĄCZKI BRZESKIE,Chrzty,1958,2011
ŁĄCZKI BRZESKIE,ŁĄCZKI BRZESKIE,Śluby,1958,2011
ŁĄCZKI BRZESKIE,ŁĄCZKI BRZESKIE,Zgony,1958,2011
ŁĄKTA,ŁĄKTA,Chrzty,1986,2013
ŁĄKTA,ŁĄKTA,Śluby,1986,2013
ŁĄKTA,ŁĄKTA,Zgony,1986,2013
ŁĘG TARNOWSKI,ŁĘG TARNOWSKI,Chrzty,1798,2014
ŁĘG TARNOWSKI,ŁĘG TARNOWSKI,Śluby,1798,2014
ŁĘG TARNOWSKI,ŁĘG TARNOWSKI,Zgony,1798,2014
ŁĘG TARNOWSKI – ZAMOŚCIE,ŁĘG TARNOWSKI – ZAMOŚCIE,Chrzty,1985,2014
ŁĘG TARNOWSKI – ZAMOŚCIE,ŁĘG TARNOWSKI – ZAMOŚCIE,Śluby,1985,2014
ŁĘG TARNOWSKI – ZAMOŚCIE,ŁĘG TARNOWSKI – ZAMOŚCIE,Zgony,1985,2014
ŁĘKAWICA,ŁĘKAWICA,Chrzty,1798,2014
ŁĘKAWICA,ŁĘKAWICA,Śluby,1802,2014
ŁĘKAWICA,ŁĘKAWICA,Zgony,1802,2014
ŁĘKAWKA,ŁĘKAWKA,Chrzty,2009,2014
ŁĘKAWKA,ŁĘKAWKA,Śluby,2009,2014
ŁĘKAWKA,ŁĘKAWKA,Zgony,2009,2014
ŁĘKI GÓRNE,ŁĘKI GÓRNE,Chrzty,1726,2014
ŁĘKI GÓRNE,ŁĘKI GÓRNE,Śluby,1796,2014
ŁĘKI GÓRNE,ŁĘKI GÓRNE,Zgony,1796,2014
ŁĘTOWICE,ŁĘTOWICE,Chrzty,1946,2014
ŁĘTOWICE,ŁĘTOWICE,Śluby,1946,2014
ŁĘTOWICE,ŁĘTOWICE,Zgony,1946,2014
ŁĘŻKOWICE,ŁĘŻKOWICE,Chrzty,1946,2014
ŁĘŻKOWICE,ŁĘŻKOWICE,Śluby,1946,2014
ŁĘŻKOWICE,ŁĘŻKOWICE,Zgony,1946,2014
ŚNIETNICA,ŚNIETNICA,Chrzty,1939,2014
ŚNIETNICA,ŚNIETNICA,Śluby,1957,2014
ŚNIETNICA,ŚNIETNICA,Zgony,1939,2014
ŚWIEBODZIN,ŚWIEBODZIN,Chrzty,2007,2013
ŚWIEBODZIN,ŚWIEBODZIN,Śluby,2007,2013
ŚWIEBODZIN,ŚWIEBODZIN,Zgony,2007,2013
ŚWINIARSKO,ŚWINIARSKO,Chrzty,1946,2013
ŚWINIARSKO,ŚWINIARSKO,Śluby,1946,2013
ŚWINIARSKO,ŚWINIARSKO,Zgony,1946,2013
ŻABNO,ŻABNO,Chrzty,1829,2014
ŻABNO,ŻABNO,Śluby,1958,2014
ŻABNO,ŻABNO,Zgony,1954,2014
ŻBIKOWICE,ŻBIKOWICE,Chrzty,1969,2011
ŻBIKOWICE,ŻBIKOWICE,Śluby,1969,2011
ŻBIKOWICE,ŻBIKOWICE,Zgony,1969,2011
ŻEGIESTÓW,ŻEGIESTÓW,Chrzty,1934,2014
ŻEGIESTÓW,ŻEGIESTÓW,Śluby,1946,2014
ŻEGIESTÓW,ŻEGIESTÓW,Zgony,1946,2014
ŻEGIESTÓW - ZDRÓJ,ŻEGIESTÓW - ZDRÓJ,Chrzty,1826,2011
ŻEGIESTÓW - ZDRÓJ,ŻEGIESTÓW - ZDRÓJ,Śluby,1805,2011
ŻEGIESTÓW - ZDRÓJ,ŻEGIESTÓW - ZDRÓJ,Zgony,1810,2011
ŻELAZÓWKA,ŻELAZÓWKA,Chrzty,1985,2014
ŻELAZÓWKA,ŻELAZÓWKA,Śluby,1970,2014
ŻELAZÓWKA,ŻELAZÓWKA,Zgony,1989,2014
ŻELEŹNIKOWA,ŻELEŹNIKOWA,Chrzty,1801,2014
ŻELEŹNIKOWA,ŻELEŹNIKOWA,Śluby,1801,2014
ŻELEŹNIKOWA,ŻELEŹNIKOWA,Zgony,1801,2014
ŻELICHÓW,ŻELICHÓW,Chrzty,1946,2014
ŻELICHÓW,ŻELICHÓW,Śluby,1946,2014
ŻELICHÓW,ŻELICHÓW,Zgony,1946,2014
ŻMIĄCA,ŻMIĄCA,Chrzty,1975,2010
ŻMIĄCA,ŻMIĄCA,Śluby,1975,2010
ŻMIĄCA,ŻMIĄCA,Zgony,1975,2010
ŻUROWA,ŻUROWA,Chrzty,1826,2008
ŻUROWA,ŻUROWA,Śluby,1826,2008
ŻUROWA,ŻUROWA,Zgony,1826,2008
ŻYRAKÓW,ŻYRAKÓW,Chrzty,1915,2013
ŻYRAKÓW,ŻYRAKÓW,Śluby,1915,2013
ŻYRAKÓW,ŻYRAKÓW,Zgony,1915,2013
Baranów Sandomierski,Baranów Sandomierski,Chrzty,1801,1989
Baranów Sandomierski,Baranów Sandomierski,Śluby,1802,1989
Baranów Sandomierski,Baranów Sandomierski,Zgony,1803,1989
Borki Nizińskie,Borki Nizińskie,Chrzty,1947,1991
Borki Nizińskie,Borki Nizińskie,Śluby,1947,1991
Borki Nizińskie,Borki Nizińskie,Zgony,1947,1991
Domacyny,Domacyny,Chrzty,1969,1991
Domacyny,Domacyny,Śluby,1969,1991
Domacyny,Domacyny,Zgony,1969,1991
Gawłuszowice,Gawłuszowice,Chrzty,1804,1963
Gawłuszowice,Gawłuszowice,Śluby,1804,1963
Gawłuszowice,Gawłuszowice,Zgony,1804,1963
Jaślany,Jaślany,Chrzty,1806,1985
Jaślany,Jaślany,Śluby,1806,1985
Jaślany,Jaślany,Zgony,1806,1985
Padew,Padew,Chrzty,1800,1990
Padew,Padew,Śluby,1800,1990
Padew,Padew,Zgony,1800,1990
Skopanie- Osiedle,Skopanie- Osiedle,Chrzty,1986,1992
Skopanie- Osiedle,Skopanie- Osiedle,Śluby,1986,1992
Skopanie- Osiedle,Skopanie- Osiedle,Zgony,1986,1992
Tuszów Narodowy,Tuszów Narodowy,Chrzty,1940,1984
Tuszów Narodowy,Tuszów Narodowy,Śluby,1940,1984
Tuszów Narodowy,Tuszów Narodowy,Zgony,1940,1984
Wola Baranowska,Wola Baranowska,Chrzty,1944,1992
Wola Baranowska,Wola Baranowska,Śluby,1944,1992
Wola Baranowska,Wola Baranowska,Zgony,1944,1992
Biecz,Biecz,Chrzty,1826,1991
Biecz,Biecz,Śluby,1826,1991
Biecz,Biecz,Zgony,1826,1991
Binarowa,Binarowa,Chrzty,1930,1983
Binarowa,Binarowa,Śluby,1963,1983
Binarowa,Binarowa,Zgony,1945,1975
Borek Wielki,Borek Wielki,Chrzty,1986,1989
Borek Wielki,Borek Wielki,Śluby,1986,1989
Borek Wielki,Borek Wielki,Zgony,1986,1989
Brzeziny,Brzeziny,Chrzty,1946,1958
Brzeziny,Brzeziny,Śluby,1947,1958
Brzeziny,Brzeziny,Zgony,1946,1958
Bystrzyca,Bystrzyca,Chrzty,1946,1976
Bystrzyca,Bystrzyca,Śluby,1946,1977
Bystrzyca,Bystrzyca,Zgony,1946,1977
Będziemyśl,Będziemyśl,Chrzty,1946,1972
Będziemyśl,Będziemyśl,Śluby,1946,1972
Będziemyśl,Będziemyśl,Zgony,1946,1972
Cmolas,Cmolas,Chrzty,1809,1974
Cmolas,Cmolas,Śluby,1809,1967
Cmolas,Cmolas,Zgony,1809,1967
Czarna Sędziszowska,Czarna Sędziszowska,Chrzty,1821,1966
Czarna Sędziszowska,Czarna Sędziszowska,Śluby,1821,1966
Czarna Sędziszowska,Czarna Sędziszowska,Zgony,1821,1966
Glinik Mariampolski,Glinik Mariampolski,Chrzty,1960,1991
Glinik Mariampolski,Glinik Mariampolski,Śluby,1960,1991
Glinik Mariampolski,Glinik Mariampolski,Zgony,1960,1991
Gorlice,Gorlice,Chrzty,1826,1990
Gorlice,Gorlice,Śluby,1826,1990
Gorlice,Gorlice,Zgony,1826,1990
Góra Ropczycka,Góra Ropczycka,Chrzty,1821,1985
Góra Ropczycka,Góra Ropczycka,Śluby,1821,1985
Góra Ropczycka,Góra Ropczycka,Zgony,1821,1985
Gładyszów,Gładyszów,Chrzty,1947,1982
Gładyszów,Gładyszów,Śluby,1947,1982
Gładyszów,Gładyszów,Zgony,1947,1982
Kobylanka,Kobylanka,Chrzty,1826,1991
Kobylanka,Kobylanka,Śluby,1826,1983
Kobylanka,Kobylanka,Zgony,1826,1979
Kolbuszowa,Kolbuszowa,Chrzty,1791,1888
Kolbuszowa,Kolbuszowa,Śluby,1791,1893
Kolbuszowa,Kolbuszowa,Zgony,1791,1888
Kryg,Kryg,Chrzty,1946,1976
Kryg,Kryg,Śluby,1946,1975
Kryg,Kryg,Zgony,1982,1991
Kupno,Kupno,Chrzty,1924,1959
Kupno,Kupno,Śluby,1924,1959
Kupno,Kupno,Zgony,1924,1959
Libusza,Libusza,Chrzty,1826,1991
Libusza,Libusza,Śluby,1826,1991
Libusza,Libusza,Zgony,1826,1991
Lipinki,Lipinki,Chrzty,1826,1960
Lipinki,Lipinki,Śluby,1826,1960
Lipinki,Lipinki,Zgony,1826,1960
Mała,Mała,Chrzty,1821,1889
Mała,Mała,Śluby,1821,1888
Mała,Mała,Zgony,1821,1888
Małastów,Małastów,Chrzty,1949,1970
Małastów,Małastów,Śluby,1949,1970
Małastów,Małastów,Zgony,1949,1970
Męcina Wielka,Męcina Wielka,Chrzty,1947,1992
Męcina Wielka,Męcina Wielka,Śluby,1947,1992
Męcina Wielka,Męcina Wielka,Zgony,1947,1992
Niedźwiada,Niedźwiada,Chrzty,1957,1983
Niedźwiada,Niedźwiada,Śluby,1957,1983
Niedźwiada,Niedźwiada,Zgony,1957,1983
Niwiska,Niwiska,Chrzty,1802,1960
Niwiska,Niwiska,Śluby,1785,1960
Niwiska,Niwiska,Zgony,1785,1960
Nockowa,Nockowa,Chrzty,1791,1987
Nockowa,Nockowa,Śluby,1791,1987
Nockowa,Nockowa,Zgony,1791,1987
Ostrowy Tuszowskie,Ostrowy Tuszowskie,Chrzty,1800,1989
Ostrowy Tuszowskie,Ostrowy Tuszowskie,Śluby,1800,1989
Ostrowy Tuszowskie,Ostrowy Tuszowskie,Zgony,1800,1989
Poręby Dymarskie,Poręby Dymarskie,Chrzty,1986,1988
Poręby Dymarskie,Poręby Dymarskie,Śluby,1986,1991
Poręby Dymarskie,Poręby Dymarskie,Zgony,1986,1991
Przedbórz,Przedbórz,Chrzty,1930,1941
Przedbórz,Przedbórz,Zgony,1930,1941
Pstrągowa,Pstrągowa,Chrzty,1890,1892
Pstrągowa,Pstrągowa,Śluby,1890,1892
Pstrągowa,Pstrągowa,Zgony,1890,1892
Ropczyce,Ropczyce,Chrzty,1820,1969
Ropczyce,Ropczyce,Śluby,1820,1969
Ropczyce,Ropczyce,Zgony,1820,1969
Ropica Dolna,Ropica Dolna,Chrzty,1970,1982
Rozembark /Rożnowice/,Rozembark /Rożnowice/,Chrzty,1826,1983
Rozembark /Rożnowice/,Rozembark /Rożnowice/,Śluby,1826,1983
Rozembark /Rożnowice/,Rozembark /Rożnowice/,Zgony,1826,1983
Rożnowice,Rożnowice,Chrzty,1961,1985
Rożnowice,Rożnowice,Śluby,1967,1983
Rożnowice,Rożnowice,Zgony,1975,1985
Sarnów,Sarnów,Chrzty,1945,1992
Sarnów,Sarnów,Śluby,1945,1992
Sarnów,Sarnów,Zgony,1945,1992
Smrekowiec,Smrekowiec,Chrzty,1972,1990
Smrekowiec,Smrekowiec,Śluby,1973,1990
Smrekowiec,Smrekowiec,Zgony,1974,1990
Sędziszów Małopolski,Sędziszów Małopolski,Chrzty,1826,1986
Sędziszów Małopolski,Sędziszów Małopolski,Śluby,1826,1986
Sędziszów Małopolski,Sędziszów Małopolski,Zgony,1826,1986
Sękowa,Sękowa,Chrzty,1946,1990
Sękowa,Sękowa,Śluby,1946,1990
Sękowa,Sękowa,Zgony,1946,1990
Trzęsówka,Trzęsówka,Chrzty,1802,1982
Trzęsówka,Trzęsówka,Śluby,1802,1982
Trzęsówka,Trzęsówka,Zgony,1802,1982
Wielopole Skrzyńskie,Wielopole Skrzyńskie,Chrzty,1831,1959
Wielopole Skrzyńskie,Wielopole Skrzyńskie,Śluby,1816,1959
Wielopole Skrzyńskie,Wielopole Skrzyńskie,Zgony,1829,1959
Witkowice,Witkowice,Chrzty,1870,1985
Witkowice,Witkowice,Śluby,1870,1985
Witkowice,Witkowice,Zgony,1870,1985
Wójtowa,Wójtowa,Chrzty,1874,1960
Wójtowa,Wójtowa,Śluby,1874,1960
Wójtowa,Wójtowa,Zgony,1874,1960
Zagórzyce,Zagórzyce,Chrzty,1946,1976
Zagórzyce,Zagórzyce,Śluby,1946,1976
Zagórzyce,Zagórzyce,Zgony,1946,1976
Łączki Kucharskie,Łączki Kucharskie,Chrzty,1815,1981
Łączki Kucharskie,Łączki Kucharskie,Śluby,1815,1979
Łączki Kucharskie,Łączki Kucharskie,Zgony,1815,1960
